scorer,DLC_resnet50_SIMINewOct24shuffle1_200000,DLC_resnet50_SIMINewOct24shuffle1_200000,DLC_resnet50_SIMINewOct24shuffle1_200000,DLC_resnet50_SIMINewOct24shuffle1_200000,DLC_resnet50_SIMINewOct24shuffle1_200000,DLC_resnet50_SIMINewOct24shuffle1_200000,DLC_resnet50_SIMINewOct24shuffle1_200000,DLC_resnet50_SIMINewOct24shuffle1_200000,DLC_resnet50_SIMINewOct24shuffle1_200000,DLC_resnet50_SIMINewOct24shuffle1_200000,DLC_resnet50_SIMINewOct24shuffle1_200000,DLC_resnet50_SIMINewOct24shuffle1_200000,DLC_resnet50_SIMINewOct24shuffle1_200000,DLC_resnet50_SIMINewOct24shuffle1_200000,DLC_resnet50_SIMINewOct24shuffle1_200000,DLC_resnet50_SIMINewOct24shuffle1_200000,DLC_resnet50_SIMINewOct24shuffle1_200000,DLC_resnet50_SIMINewOct24shuffle1_200000,DLC_resnet50_SIMINewOct24shuffle1_200000,DLC_resnet50_SIMINewOct24shuffle1_200000,DLC_resnet50_SIMINewOct24shuffle1_200000,DLC_resnet50_SIMINewOct24shuffle1_200000,DLC_resnet50_SIMINewOct24shuffle1_200000,DLC_resnet50_SIMINewOct24shuffle1_200000,DLC_resnet50_SIMINewOct24shuffle1_200000,DLC_resnet50_SIMINewOct24shuffle1_200000,DLC_resnet50_SIMINewOct24shuffle1_200000,DLC_resnet50_SIMINewOct24shuffle1_200000,DLC_resnet50_SIMINewOct24shuffle1_200000,DLC_resnet50_SIMINewOct24shuffle1_200000,DLC_resnet50_SIMINewOct24shuffle1_200000,DLC_resnet50_SIMINewOct24shuffle1_200000,DLC_resnet50_SIMINewOct24shuffle1_200000,DLC_resnet50_SIMINewOct24shuffle1_200000,DLC_resnet50_SIMINewOct24shuffle1_200000,DLC_resnet50_SIMINewOct24shuffle1_200000,DLC_resnet50_SIMINewOct24shuffle1_200000,DLC_resnet50_SIMINewOct24shuffle1_200000,DLC_resnet50_SIMINewOct24shuffle1_200000,DLC_resnet50_SIMINewOct24shuffle1_200000,DLC_resnet50_SIMINewOct24shuffle1_200000,DLC_resnet50_SIMINewOct24shuffle1_200000,DLC_resnet50_SIMINewOct24shuffle1_200000,DLC_resnet50_SIMINewOct24shuffle1_200000,DLC_resnet50_SIMINewOct24shuffle1_200000
bodyparts,Nose,Nose,Nose,Ear base,Ear base,Ear base,Front paw tao,Front paw tao,Front paw tao,Wrist,Wrist,Wrist,Elbow,Elbow,Elbow,Lower Shoulder,Lower Shoulder,Lower Shoulder,Upper Shoulder,Upper Shoulder,Upper Shoulder,Iliac Crest,Iliac Crest,Iliac Crest,Hip,Hip,Hip,Knee,Knee,Knee,Ankle,Ankle,Ankle,Hind paw tao,Hind paw tao,Hind paw tao,Tail base,Tail base,Tail base,Tail center,Tail center,Tail center,Tail tip,Tail tip,Tail tip
coords,x,y,likelihood,x,y,likelihood,x,y,likelihood,x,y,likelihood,x,y,likelihood,x,y,likelihood,x,y,likelihood,x,y,likelihood,x,y,likelihood,x,y,likelihood,x,y,likelihood,x,y,likelihood,x,y,likelihood,x,y,likelihood,x,y,likelihood
0,-2.088777542114258,591.4569702148438,0.00034857832361012697,0.14313292503356934,587.8892822265625,0.00015431878273375332,0.32160305976867676,590.6010131835938,0.0003030381049029529,-2.796027660369873,591.0496215820312,0.00043196757906116545,1.3213961124420166,583.2852783203125,0.0005062183481641114,-1.8815412521362305,587.9087524414062,0.00020633311942219734,1.7933266162872314,609.2722778320312,0.0002558736887294799,1.1440808773040771,607.3872680664062,0.000698960735462606,2.1088297367095947,554.9697875976562,0.00014066387666389346,1.8853731155395508,583.16064453125,0.0003837303083855659,-0.2131037712097168,590.3436279296875,0.0002301821077708155,-3.4391932487487793,591.4198608398438,0.00016916217282414436,0.012826919555664062,591.7230834960938,0.00020683561160694808,0.27034735679626465,596.7896728515625,0.0011437655193731189,874.2903442382812,731.0546875,0.004070670809596777
1,-2.469229221343994,591.5322875976562,0.0002922569983638823,-0.17384576797485352,587.9373779296875,0.0001285090111196041,1.0420453548431396,601.2066040039062,0.00034314292133785784,-3.135735034942627,591.5942993164062,0.0004756436392199248,1.5708940029144287,582.8777465820312,0.0004354887641966343,-2.0574560165405273,587.86962890625,0.000199698653887026,1.4150145053863525,609.7593383789062,0.00034332353970967233,1.1791040897369385,607.6170654296875,0.000727099075447768,2.423325300216675,554.7974243164062,0.00016542343655601144,3.7220444679260254,556.2340698242188,0.00036409529275260866,-0.4819002151489258,590.6015014648438,0.00015625015657860786,-3.3760900497436523,591.8528442382812,0.0001475836761528626,-0.10991048812866211,592.6279296875,0.00018480498692952096,0.4848334789276123,597.10791015625,0.0012923784088343382,873.6767578125,730.750732421875,0.00194261921569705
2,-2.4438323974609375,591.3372192382812,0.00022745309979654849,0.029158353805541992,587.642822265625,0.00013051280984655023,0.4002044200897217,590.778564453125,0.0002701994962990284,-3.002725601196289,591.0303955078125,0.00036031240597367287,1.2408709526062012,583.2854614257812,0.0004223546420689672,-2.0820884704589844,587.911865234375,0.0001833519054343924,1.336143970489502,609.4835205078125,0.00019666865409817547,0.9447860717773438,607.6400146484375,0.0005565453902818263,2.3377580642700195,554.887939453125,0.00013568474969360977,1.6380531787872314,583.5188598632812,0.00030330606386996806,-0.42198705673217773,590.0980834960938,0.00015254037862177938,-3.524167537689209,591.4033203125,0.0001324713957728818,0.032381534576416016,591.4911499023438,0.00014863906835671514,0.15450263023376465,596.3430786132812,0.0008441313984803855,873.8499145507812,730.8450317382812,0.0038309055380523205
3,-2.661317825317383,591.5497436523438,0.0002707668754737824,-0.04777193069458008,587.7593383789062,0.00012375503138173372,0.2992100715637207,590.6837768554688,0.000267297204118222,-3.303724765777588,591.1876831054688,0.00036562347668223083,1.2009193897247314,583.2792358398438,0.00041366121149621904,-2.045849323272705,588.01513671875,0.00017557221872266382,1.55287766456604,609.3220825195312,0.0002333831653231755,0.839785099029541,607.3763427734375,0.0005744334193877876,2.4037270545959473,554.7229614257812,0.0001711158693069592,3.6014564037323,556.4405517578125,0.0003529629611875862,-0.7692604064941406,590.263671875,0.00014101588749326766,-3.584137439727783,591.51708984375,0.0001298543793382123,-0.2517547607421875,592.138427734375,0.0001631406630622223,-0.15099239349365234,596.9120483398438,0.0008357287151739001,874.3936767578125,731.0130615234375,0.01144141424447298
4,-2.5441250801086426,591.3106689453125,0.00026197443366982043,-0.13046884536743164,587.63623046875,0.0001293028035433963,0.7306363582611084,601.31494140625,0.00030375111964531243,-3.2361440658569336,591.2910766601562,0.0003990146506112069,1.3625743389129639,582.9901733398438,0.00042374758049845695,-2.2300186157226562,587.9378662109375,0.00018218986224383116,1.291208267211914,609.93212890625,0.0003136699669994414,1.0968027114868164,607.5944213867188,0.0007170010358095169,2.3305797576904297,554.9020385742188,0.00015521218301728368,1.7529101371765137,583.2184448242188,0.000342963554430753,-0.5022153854370117,590.3524780273438,0.00014117153477855027,-3.4402356147766113,591.607177734375,0.00013712131476495415,-0.25856542587280273,592.1329956054688,0.0001604954741196707,0.5252103805541992,596.7138671875,0.0011512887431308627,874.0401000976562,731.0498657226562,0.002493356354534626
5,-2.381221294403076,591.4367065429688,0.00028618972282856703,0.12033820152282715,587.7334594726562,0.0001348386431345716,0.38665175437927246,590.6878662109375,0.00026952565531246364,-2.9727001190185547,591.1884765625,0.0003663963289000094,1.2899904251098633,583.257568359375,0.0004733110254164785,-1.9051823616027832,587.825927734375,0.00018394515791442245,1.6744329929351807,609.0769653320312,0.00018244748935103416,1.0208475589752197,607.4739990234375,0.0004801253671757877,2.3115267753601074,554.8580932617188,0.00014668800577055663,1.952148675918579,583.3133544921875,0.00035271220258437097,-0.4671134948730469,590.3931274414062,0.00017083888815250248,-3.4272255897521973,591.45166015625,0.00014947207819204777,0.026897430419921875,591.77490234375,0.00017400344950146973,-0.025788307189941406,596.6732788085938,0.0008953503565862775,873.8200073242188,730.7877197265625,0.0026471724268049
6,-2.4029369354248047,591.5235595703125,0.00031577510526403785,-1.097623348236084,553.6613159179688,0.00014680791355203837,0.6404426097869873,601.4628295898438,0.0003651937877293676,-3.095984935760498,591.44140625,0.00040079501923173666,1.5165386199951172,582.9030151367188,0.00041029194835573435,-2.03165864944458,587.8768920898438,0.00017827367992140353,1.3703839778900146,609.8558349609375,0.0003697073261719197,1.0390679836273193,607.63232421875,0.0007337452261708677,2.4515881538391113,554.7850952148438,0.00019184335542377084,4.208621025085449,556.4490356445312,0.00038465659599751234,-0.29349660873413086,590.5673828125,0.0001470507268095389,-3.5350446701049805,591.7650146484375,0.000141729527967982,-0.2453022003173828,592.6815185546875,0.00018558620649855584,0.27874088287353516,597.3060302734375,0.0011977957328781486,873.8136596679688,730.8423461914062,0.003187603550031781
7,-2.622206211090088,591.4317626953125,0.00024815552751533687,0.037137746810913086,587.8363037109375,0.00013784771726932377,0.5864653587341309,590.7608032226562,0.000233490442042239,-3.3683953285217285,591.3672485351562,0.0003783750580623746,1.1937861442565918,583.0294799804688,0.00039708326221443713,-1.9804115295410156,587.8213500976562,0.00018229481065645814,1.5552470684051514,609.704833984375,0.0002491061168257147,0.8524329662322998,607.6165771484375,0.0006030615186318755,2.501035451889038,555.0035400390625,0.00015235446335282177,1.8835482597351074,583.3026123046875,0.00032372953137382865,-0.655367374420166,590.5120239257812,0.00013396753638517112,-3.4846792221069336,591.5034790039062,0.0001233269285876304,-0.14797687530517578,592.0924072265625,0.00015154223365243524,0.1834871768951416,596.7656860351562,0.000886817928403616,873.9061889648438,730.9180908203125,0.00512399896979332
8,-4.585899353027344,561.4743041992188,0.00026453149621374905,0.18565917015075684,587.5752563476562,0.00012404698645696044,0.5672671794891357,590.8447875976562,0.00023809316917322576,-2.963696002960205,591.1469116210938,0.000348653964465484,1.3154699802398682,583.3136596679688,0.00041210962808690965,0.5047261714935303,569.9915771484375,0.00018348393496125937,0.2892289161682129,593.6077270507812,0.00016329318168573081,0.8087830543518066,607.4103393554688,0.000377601565560326,2.413939952850342,554.7863159179688,0.0001591694017406553,3.552039861679077,556.3886108398438,0.0003591701970435679,-0.5939640998840332,590.1848754882812,0.0001633878709981218,-3.343146324157715,591.5029296875,0.00012962774781044573,0.05132770538330078,591.5390014648438,0.000134431931655854,-0.06579732894897461,596.0521850585938,0.000698755553457886,873.8897705078125,730.6602783203125,0.003272266825661063
9,-2.4007554054260254,591.2130737304688,0.00039276338065974414,-0.13386154174804688,587.7989501953125,0.0001472002622904256,0.746436595916748,601.2261962890625,0.0003809907066170126,-3.0024943351745605,591.0997924804688,0.0004954292089678347,1.5756514072418213,583.0333251953125,0.0004737364361062646,-1.9870657920837402,587.9861450195312,0.00020198477432131767,1.663632869720459,609.9083862304688,0.00037868338404223323,1.2878460884094238,607.486328125,0.0008380428771488369,2.413576602935791,554.8321533203125,0.00015351056936196983,1.8792383670806885,583.0320434570312,0.0003873739915434271,-0.19151067733764648,590.1608276367188,0.0002029887109529227,-3.449103355407715,591.6513061523438,0.00019101760699413717,-0.2536349296569824,592.1359252929688,0.00021992884285282344,0.3658876419067383,596.8499145507812,0.0015572765842080116,873.899658203125,730.537841796875,0.005826957989484072
10,-2.323805809020996,591.5418701171875,0.00033160499879159033,-1.038454532623291,553.6708374023438,0.00014103214198257774,0.08002972602844238,590.6900024414062,0.0002991821675095707,-3.0298070907592773,591.27685546875,0.00045947887701913714,1.5091402530670166,583.0849609375,0.000453329790616408,-1.76206636428833,588.0239868164062,0.00019977502233814448,1.6104485988616943,609.6939086914062,0.0002624506887514144,1.056549072265625,607.5552368164062,0.0007249957416206598,2.544865608215332,554.99072265625,0.00017735964502207935,3.8522205352783203,556.2012939453125,0.0003904397308360785,-0.3534407615661621,590.4136352539062,0.00019462969794403762,-3.5958423614501953,591.6404418945312,0.00015929967048577964,-0.3376774787902832,592.1633911132812,0.00021385369473136961,-0.014947891235351562,596.8675537109375,0.0011380818905308843,873.6199340820312,730.9657592773438,0.0019728445913642645
11,-2.323253631591797,591.6138305664062,0.0002968506596516818,-0.024401187896728516,587.7117919921875,0.00012677910854108632,0.24137067794799805,590.6739501953125,0.0002646750654093921,-3.106210231781006,591.153076171875,0.0003318358794786036,1.3042869567871094,583.26416015625,0.0004171596374362707,-1.932936668395996,588.0105590820312,0.00016489648260176182,1.740607500076294,609.4210815429688,0.00025366107001900673,1.008864164352417,607.3455200195312,0.0006698964280076325,2.1478567123413086,555.0089721679688,0.00013714157103095204,1.909425973892212,583.1389770507812,0.0003234466421417892,-0.1782989501953125,590.4397583007812,0.00015167132369242609,-3.6971774101257324,591.4970703125,0.0001325774210272357,-0.18688440322875977,591.9785766601562,0.000160481984494254,0.041356801986694336,597.0916137695312,0.0008354643941856921,873.749755859375,730.8091430664062,0.004106692969799042
12,-2.4343924522399902,591.4592895507812,0.0003069451777264476,-0.11850881576538086,587.8930053710938,0.0001453068689443171,0.244370698928833,590.4644165039062,0.0003204024105798453,-3.101569652557373,590.922607421875,0.0003920116869267076,1.1374318599700928,583.341796875,0.0004445034428499639,-1.8998150825500488,588.2251586914062,0.0001796152937458828,1.5603907108306885,609.4264526367188,0.00022128806449472904,0.9827578067779541,607.4884033203125,0.0006079336744733155,2.289130210876465,554.8331909179688,0.00013333835522644222,1.8388407230377197,583.0765991210938,0.000346072280080989,-0.5277581214904785,589.9725952148438,0.00018175433797296137,-3.460686683654785,591.3442993164062,0.00015213264850899577,-0.2847170829772949,591.68701171875,0.0001953546016011387,-0.03191852569580078,596.4940795898438,0.0008940178668126464,873.2763671875,730.9527587890625,0.005470055155456066
13,-2.2802486419677734,590.9063720703125,0.0004607809241861105,-0.15120840072631836,588.4755249023438,0.00018973479745909572,0.004315376281738281,589.9284057617188,0.0004285126633476466,-2.8322768211364746,590.48828125,0.0005583695019595325,1.6570367813110352,583.2781982421875,0.0005363359814509749,-1.499711513519287,588.2756958007812,0.0002492306230124086,2.1094822883605957,609.7346801757812,0.00033126786001957953,1.25681734085083,607.4342041015625,0.000755518616642803,2.578232765197754,554.7935180664062,0.00019216501095797867,2.1421589851379395,583.1605224609375,0.00040605952381156385,-0.24498987197875977,589.8543090820312,0.0002602372842375189,-3.2859206199645996,591.1309814453125,0.00023252735263668,-0.2876429557800293,591.688232421875,0.0003230669826734811,0.17211580276489258,596.1481323242188,0.0018150261603295803,873.2203369140625,730.5213012695312,0.0030542572494596243
14,-2.1320548057556152,591.1715698242188,0.0004849812830798328,0.42200303077697754,588.1843872070312,0.0001787599758245051,0.1410369873046875,590.4652099609375,0.0003692800528369844,-2.809225082397461,590.9298095703125,0.0005803994718007743,1.4470360279083252,583.152099609375,0.0005636135465465486,-1.6210236549377441,588.0350341796875,0.00026691012317314744,2.2288498878479004,609.2715454101562,0.000282122811768204,1.0488226413726807,607.178955078125,0.0007583588594570756,0.9087569713592529,587.4017333984375,0.00015927309868857265,2.049589157104492,583.1134643554688,0.0004120399244129658,-0.35906314849853516,590.1875,0.000264962378423661,-3.224396228790283,591.1384887695312,0.00020447610586415976,-0.07716798782348633,591.8563232421875,0.0002623788604978472,0.15884065628051758,596.655029296875,0.0014029138255864382,873.632080078125,730.8197021484375,0.0024310110602527857
15,-2.36026668548584,591.5289306640625,0.0003568180254660547,0.012928485870361328,587.9793090820312,0.0001466937392251566,0.0395963191986084,600.641357421875,0.00031759595731273293,-2.891793727874756,591.163330078125,0.0004679632547777146,1.5435006618499756,583.1873168945312,0.00044531116145662963,-1.8011484146118164,588.0458984375,0.0002138852869393304,1.947535514831543,609.8148193359375,0.00032902939710766077,1.1227846145629883,607.7708129882812,0.0008265127544291317,2.4819443225860596,554.8191528320312,0.00016126091941259801,2.2047038078308105,583.2024536132812,0.00034540085471235216,-0.32968616485595703,590.3218383789062,0.00019677651289384812,-3.4866132736206055,591.4931640625,0.00016582137322984636,-0.4023714065551758,592.1812744140625,0.00021760624076705426,0.07682347297668457,596.9705200195312,0.0011229224037379026,873.9906005859375,730.9830932617188,0.0032775357831269503
16,-2.474649429321289,591.6409301757812,0.0002967824402730912,0.1367967128753662,587.8460083007812,0.00015018985141068697,0.4141201972961426,590.8152465820312,0.0002674050338100642,-3.1544618606567383,591.236328125,0.00041534783667884767,1.0865445137023926,583.0855712890625,0.0004424404469318688,-1.8227314949035645,587.8430786132812,0.00018338178051635623,1.666074275970459,609.5157470703125,0.0002183936012443155,1.1187865734100342,607.677734375,0.0005760726053267717,2.3034117221832275,554.9375610351562,0.0001440153573639691,2.0761208534240723,583.1890258789062,0.000368636567145586,-0.7092428207397461,590.33642578125,0.00018383645510766655,-3.284585952758789,591.5022583007812,0.000147366983583197,-0.026086807250976562,591.8783569335938,0.00018052064115181565,0.04781794548034668,596.5980834960938,0.0008907730807550251,874.0877075195312,730.6848754882812,0.004588295705616474
17,-2.56209135055542,591.5072021484375,0.00032195975654758513,0.07921910285949707,587.8192749023438,0.00013460972695611417,0.28038597106933594,590.677978515625,0.0003018397546838969,-2.9501609802246094,591.2108154296875,0.0005211447714827955,1.543632984161377,583.1575927734375,0.00047379900934174657,-1.7518267631530762,587.9534301757812,0.00022653759515378624,1.7558794021606445,609.3373413085938,0.00024938012938946486,0.9703130722045898,607.5316162109375,0.0006660453509539366,2.4480085372924805,554.9388427734375,0.00015158529276959598,2.1791141033172607,583.4359741210938,0.000331984949298203,-0.5425662994384766,590.330078125,0.00020724543719552457,-3.3821840286254883,591.4303588867188,0.00016310396313201636,-0.2100811004638672,591.9535522460938,0.00019853732374031097,-0.1676921844482422,596.455810546875,0.0009890025248751044,873.8652954101562,730.7977294921875,0.0034432411193847656
18,-2.3122925758361816,591.21484375,0.00030855595832690597,0.15004754066467285,587.794677734375,0.0001553697366034612,0.344235897064209,590.4889526367188,0.00030340004013851285,-2.849722385406494,590.8453979492188,0.0004020026244688779,1.2739131450653076,583.3280029296875,0.0004867460229434073,-1.9479904174804688,587.9819946289062,0.00020063099509570748,1.5567846298217773,609.3334350585938,0.00022293395886663347,1.0439367294311523,607.440185546875,0.0006564062787219882,2.2920079231262207,554.896484375,0.00013941175711806864,1.7789299488067627,583.261474609375,0.0003598755574785173,-0.4462399482727051,590.1018676757812,0.00019901285122614354,-3.466099739074707,591.18212890625,0.0001503183739259839,-0.02470254898071289,591.4953002929688,0.00018685273244045675,0.2117905616760254,596.5474853515625,0.0010490757413208485,873.024658203125,730.6566772460938,0.0014353134902194142
19,-2.1857128143310547,591.6636962890625,0.00033230692497454584,0.026999950408935547,587.7428588867188,0.00014467022265307605,0.20601415634155273,590.7717895507812,0.00034334108931943774,-2.6668477058410645,591.1384887695312,0.0004278552660252899,1.2867684364318848,583.218017578125,0.0005064141005277634,-1.8416004180908203,587.94970703125,0.000204619049327448,1.724034070968628,609.3741455078125,0.0002777575282379985,1.1585795879364014,607.6297607421875,0.0007258387631736696,0.8307042121887207,587.38232421875,0.00013815365673508495,1.899174690246582,583.1068725585938,0.00042190533713437617,-0.16991186141967773,590.1644897460938,0.00019792323291767389,-3.375279426574707,591.4871215820312,0.00017532029596623033,-0.020571231842041016,592.0480346679688,0.00019598222570493817,0.04380631446838379,596.9388427734375,0.0010315895779058337,873.5005493164062,731.0093383789062,0.00484998244792223
20,-2.2848105430603027,591.265625,0.00043055746937170625,-0.0961003303527832,588.208740234375,0.0001653680665185675,0.2207016944885254,600.7640991210938,0.00041289947694167495,-2.876310348510742,590.8251953125,0.0005315269227139652,1.5046758651733398,583.1466064453125,0.0004914236487820745,-1.804945945739746,588.2998046875,0.00021227866818662733,1.7892465591430664,609.818359375,0.00041424421942792833,1.2595868110656738,607.354736328125,0.0011056972434744239,2.2798964977264404,554.7896118164062,0.0001532823807792738,1.950237512588501,582.915771484375,0.0003925975470338017,-0.009768962860107422,590.1393432617188,0.00023383976076729596,-3.586676597595215,591.4163818359375,0.00019164918921887875,-0.32781314849853516,592.16357421875,0.00027149583911523223,0.2650582790374756,596.9073486328125,0.0015847611939534545,873.6829833984375,730.4481201171875,0.0021439529955387115
21,-4.628617286682129,577.8193359375,0.000222926537389867,-0.22293806076049805,587.5775146484375,0.00011285354412393644,0.3963301181793213,590.8195190429688,0.00022136257030069828,-3.314096450805664,591.2105712890625,0.00030094035901129246,1.1796772480010986,583.214111328125,0.00038229592610150576,-2.1911091804504395,587.9432373046875,0.00015118240844458342,1.3066835403442383,609.2469482421875,0.00016503034566994756,0.8405401706695557,607.5897827148438,0.0004403908387757838,2.388212203979492,554.836181640625,0.0001254919043276459,3.4166975021362305,556.26220703125,0.00030133628752082586,-0.6175050735473633,590.0499877929688,0.00012225045065861195,-3.5652027130126953,591.5569458007812,0.00011732072016457096,-0.2115340232849121,591.74560546875,0.0001233291841344908,-0.17258691787719727,596.3755493164062,0.0006809860933572054,873.4515380859375,730.7904052734375,0.0030327774584293365
22,-2.19930362701416,591.6621704101562,0.0003395352396182716,-0.021506309509277344,587.7695922851562,0.0001359831658191979,0.15633821487426758,590.7408447265625,0.00029706722125411034,-2.755788803100586,591.1743774414062,0.0004289057687856257,1.3679354190826416,583.1266479492188,0.000474471045890823,-1.9465036392211914,587.8893432617188,0.00019295285164844245,1.6873605251312256,609.5325927734375,0.00027121277526021004,1.0321264266967773,607.6224365234375,0.0007521154475398362,2.141894578933716,554.8660888671875,0.000134642978082411,1.8518381118774414,583.0150146484375,0.0003672641469165683,-0.08682823181152344,590.3358764648438,0.0001974941696971655,-3.6586313247680664,591.495361328125,0.00016124646936077625,-0.051087379455566406,592.0643920898438,0.00018786457076203078,0.03757905960083008,597.0286865234375,0.0010535462060943246,874.2805786132812,730.6190185546875,0.008805559016764164
23,-2.512331485748291,590.9603271484375,0.00035657250555232167,-0.1528000831604004,587.8201904296875,0.00017512346676085144,0.9307796955108643,601.080810546875,0.0003841631696559489,-2.9348721504211426,590.9176635742188,0.0005458454834297299,1.523029088973999,582.832275390625,0.0005080310511402786,-2.0332565307617188,588.0166625976562,0.00022639078088104725,1.7877535820007324,610.0477294921875,0.00040518445894122124,1.2647337913513184,607.4403686523438,0.0010086365509778261,2.4058876037597656,554.6524047851562,0.00018547740182839334,1.7577219009399414,583.0819091796875,0.0004006099479738623,-0.14204978942871094,590.0164794921875,0.00021450717758852988,-3.4365897178649902,591.4454345703125,0.00019495715969242156,-0.26065635681152344,591.8934936523438,0.00022346407058648765,0.7654514312744141,596.5889282226562,0.0019380259327590466,874.1618041992188,730.5535888671875,0.0027103954926133156
24,-2.17464017868042,591.4075927734375,0.0002619402075652033,0.07409548759460449,587.635986328125,0.00013952986046206206,0.4609799385070801,590.7257080078125,0.00026610263739712536,-2.785262107849121,591.0303955078125,0.0003434706886764616,1.2811484336853027,583.30859375,0.0004560234665405005,-2.0175743103027344,587.861572265625,0.00018046986951958388,1.6105098724365234,609.1398315429688,0.00020143087022006512,1.0544745922088623,607.4773559570312,0.0005408659344539046,2.1470823287963867,555.0159301757812,0.00014720125182066113,1.720214605331421,583.2120361328125,0.0003635075700003654,-0.22327375411987305,590.2086791992188,0.000179102920810692,-3.358717918395996,591.3361206054688,0.00015134482237044722,0.062465667724609375,591.4435424804688,0.00015830197662580758,0.22529840469360352,596.4379272460938,0.0008658682927489281,873.4514770507812,730.7694702148438,0.0012955514248460531
25,-2.521003246307373,591.624755859375,0.0003141206398140639,-0.08394527435302734,587.820556640625,0.0001318885915679857,0.24176669120788574,590.7366333007812,0.00027906906325370073,-3.0425734519958496,591.2973022460938,0.0004661568091250956,1.432004690170288,583.0436401367188,0.0004436164163053036,-1.7698469161987305,587.90576171875,0.00019972208247054368,1.7154650688171387,609.5359497070312,0.0002350109862163663,1.041135549545288,607.4620971679688,0.0006444550235755742,2.467562437057495,554.8683471679688,0.0001573301706230268,2.1148600578308105,583.2012329101562,0.00034286692971363664,-0.48809146881103516,590.3510131835938,0.0001855947048170492,-3.4750828742980957,591.5338745117188,0.00014816205657552928,-0.23786592483520508,592.1757202148438,0.00018581088806968182,-0.07096672058105469,596.8170166015625,0.0010009878315031528,873.700927734375,730.6926879882812,0.0024699855130165815
26,-2.673536777496338,591.6831665039062,0.0003282730176579207,-0.1065678596496582,587.7791748046875,0.00012560299364849925,0.20864295959472656,590.8814697265625,0.0002853581972885877,-3.0545382499694824,591.3021850585938,0.0005057153757661581,1.5620577335357666,583.09423828125,0.00042190193198621273,-1.768104076385498,587.8936767578125,0.0001948601275216788,1.8363308906555176,609.2086181640625,0.00022186184651218355,0.8864028453826904,607.3489990234375,0.0005508155445568264,2.5009005069732666,554.8184204101562,0.00015919657016638666,2.276480197906494,583.1033935546875,0.0003314090718049556,-0.6400909423828125,590.3837890625,0.00020471507741604,-3.542293071746826,591.6734008789062,0.00014856495545245707,-0.30185604095458984,592.2364501953125,0.00018872959481086582,-0.25653934478759766,596.8695068359375,0.0009945527417585254,873.3833618164062,730.8241577148438,0.001403109636157751
27,-2.4589500427246094,591.5645141601562,0.00028360390570014715,0.0570368766784668,587.79541015625,0.00014362916408572346,0.2547621726989746,590.8472290039062,0.0002679790195543319,-3.0786080360412598,591.1337280273438,0.0003811910573858768,1.2987184524536133,583.1881713867188,0.0004214480868540704,-1.9462294578552246,588.0029907226562,0.000187267767614685,1.5350773334503174,609.2431640625,0.0002058760292129591,0.8601188659667969,607.5831298828125,0.0005426215939223766,2.4470345973968506,554.9439086914062,0.0001468773843953386,1.9539344310760498,583.1409301757812,0.00036972423549741507,-0.5164327621459961,590.2135620117188,0.0001832541893236339,-3.3645997047424316,591.510986328125,0.0001502311060903594,-0.12761449813842773,591.9492797851562,0.00017230059893336147,-0.021040916442871094,596.6954345703125,0.0008643166511319578,873.9752807617188,730.43994140625,0.002598803723230958
28,-2.326725959777832,591.3870239257812,0.0002545594470575452,-0.15880584716796875,587.6121215820312,0.00012749581946991384,0.3932785987854004,590.658447265625,0.00027033736114390194,-3.0632715225219727,590.984130859375,0.000330842420225963,1.2020237445831299,583.320556640625,0.0004158375086262822,-2.044851779937744,588.1324462890625,0.0001599772076588124,1.2987401485443115,609.1913452148438,0.00020577474788296968,0.9740478992462158,607.5311279296875,0.0005850516026839614,2.2778525352478027,554.8403930664062,0.00012587913079187274,1.6300742626190186,583.2796020507812,0.0003071243118029088,-0.32268571853637695,590.0964965820312,0.00015388971951324493,-3.5161566734313965,591.4413452148438,0.00013036976451985538,-0.06313610076904297,591.6732177734375,0.00015098908625077456,0.13845348358154297,596.400146484375,0.0008254139684140682,873.8519897460938,730.5171508789062,0.003315646667033434
29,-2.6253228187561035,591.3174438476562,0.0002708972606342286,-0.2598876953125,587.6570434570312,0.00013111215957906097,0.31437206268310547,590.6383666992188,0.0002893660275731236,-3.206511974334717,591.0460815429688,0.0003603369405027479,1.2654798030853271,583.21435546875,0.0003828723565675318,-2.0765109062194824,588.174072265625,0.0001651326601859182,1.402031421661377,609.1041870117188,0.00020553865761030465,0.9425036907196045,607.5358276367188,0.0005699223256669939,2.434253215789795,554.9254760742188,0.0001440050546079874,1.8397152423858643,583.3005981445312,0.0003171572170685977,-0.570009708404541,590.0769653320312,0.00015341193648055196,-3.5707664489746094,591.5191040039062,0.00013816749560646713,-0.2481060028076172,591.8342895507812,0.0001645176816964522,-0.02495574951171875,596.2904052734375,0.0008809381979517639,873.8229370117188,730.6466064453125,0.0035327845253050327
30,-2.5856146812438965,590.9710083007812,0.00032313165138475597,-0.2115616798400879,587.8871459960938,0.00014878356887493283,0.21934056282043457,590.2639770507812,0.00032911408925428987,-3.151651382446289,590.83642578125,0.0004950192524120212,1.4929444789886475,583.2945556640625,0.00046901829773560166,-1.8760499954223633,588.2591552734375,0.00020957434026058763,0.3537275791168213,594.22509765625,0.00022559113858733326,0.9780819416046143,607.440673828125,0.0005888341111131012,2.4858345985412598,554.8004760742188,0.0001581322430865839,1.9345149993896484,583.2913208007812,0.00033877621171996,-0.6488327980041504,590.04052734375,0.00021425250452011824,-3.543145179748535,591.3613891601562,0.00016933289589360356,-0.3736109733581543,591.5623779296875,0.00020715908613055944,0.04550600051879883,595.9646606445312,0.001249164342880249,873.9081420898438,730.8888549804688,0.004443696234375238
31,-2.314131259918213,591.419921875,0.0003127282252535224,0.01598978042602539,587.7338256835938,0.0001526975684100762,0.294323205947876,590.7321166992188,0.00029456845368258655,-2.8100757598876953,591.0191650390625,0.0004153248737566173,1.4092354774475098,583.2398071289062,0.0004740643489640206,-1.934885025024414,587.8817749023438,0.00019903808424714953,1.63010835647583,609.1658935546875,0.0002115823153872043,0.9863545894622803,607.5182495117188,0.0006000043358653784,2.3081274032592773,554.9722290039062,0.0001331862440565601,1.9509015083312988,583.0770874023438,0.0003800041158683598,-0.4343271255493164,590.1253051757812,0.00020098788081668317,-3.389657974243164,591.364501953125,0.00016153624164871871,-0.09036540985107422,591.6884765625,0.00018243235535919666,0.014793872833251953,596.5315551757812,0.0009675734327174723,873.8560791015625,730.73583984375,0.0038648226764053106
32,-2.0290985107421875,591.4623413085938,0.000497637374792248,0.047133684158325195,587.894287109375,0.0001864951482275501,0.18857645988464355,590.6204833984375,0.00044279592111706734,-2.456949234008789,590.9388427734375,0.0006196056492626667,1.680358648300171,583.0938720703125,0.0005471967742778361,-1.8058338165283203,587.973876953125,0.0002546028990764171,2.016345500946045,609.7545776367188,0.0003177167964167893,1.2901368141174316,607.4305419921875,0.0009084019111469388,2.383657455444336,554.7543334960938,0.0001539425429655239,2.081848621368408,582.9033203125,0.00047198895481415093,0.15247058868408203,590.1469116210938,0.0002921291161328554,-3.417430877685547,591.5643920898438,0.0002263758797198534,-0.08188819885253906,592.2041015625,0.0002831124875228852,0.3935246467590332,597.0487670898438,0.0016742772422730923,873.586669921875,730.5134887695312,0.0019791366066783667
33,-2.2469239234924316,591.6508178710938,0.0002895106445066631,0.010837793350219727,587.7025756835938,0.00012880934809800237,0.24809002876281738,590.8349609375,0.00028436281718313694,-2.9162979125976562,591.2644653320312,0.0003815256932284683,1.2681024074554443,583.234375,0.0004577023210003972,-1.918586254119873,587.9608154296875,0.0001881499629234895,1.7249176502227783,609.3738403320312,0.00025117312907241285,1.0817506313323975,607.3788452148438,0.0006756232469342649,2.2383525371551514,554.8516235351562,0.0001512673479737714,1.8876757621765137,583.0433959960938,0.0003779053222388029,-0.3943815231323242,590.4030151367188,0.00016699031402822584,-3.4990978240966797,591.5828857421875,0.00015290692681446671,-0.07139396667480469,592.0875854492188,0.00018177548190578818,0.07427453994750977,596.9674072265625,0.000987686449661851,873.5784301757812,730.6331787109375,0.0035815921146422625
34,-2.5787882804870605,591.2200317382812,0.00029767423984594643,-0.2528243064880371,587.7617797851562,0.00012388444156385958,0.5646553039550781,590.540283203125,0.000298438360914588,-3.2181434631347656,591.2481689453125,0.0004451138083823025,1.5683612823486328,583.0025024414062,0.000417514966102317,-2.0942397117614746,588.03369140625,0.00018651416758075356,1.4176793098449707,609.9818725585938,0.0003320406249258667,1.03910493850708,607.6158447265625,0.0006706428830511868,2.4247121810913086,554.868408203125,0.00016676691302563995,3.5736522674560547,556.4393310546875,0.0003061271854676306,-0.40058279037475586,590.3403930664062,0.00014430773444473743,-3.603292942047119,591.5859985351562,0.00014127131726127118,-0.33800745010375977,592.2293090820312,0.00017053713963832706,0.4087667465209961,596.6567993164062,0.001327179605141282,873.5664672851562,730.879150390625,0.002883240580558777
35,-2.3013253211975098,591.459716796875,0.00041147309821099043,-0.019604206085205078,588.1377563476562,0.00014046646538190544,0.09145331382751465,590.33740234375,0.00034261157270520926,-2.876893997192383,590.918701171875,0.000514326267875731,1.42185378074646,583.29248046875,0.00047410145634785295,-1.6510157585144043,588.0784301757812,0.00020757214224431664,1.8600218296051025,609.5865478515625,0.00031700817635282874,1.072943925857544,607.2972412109375,0.0007508969283662736,2.2926292419433594,554.8941650390625,0.00015642307698726654,2.087498664855957,583.1342163085938,0.000344887055689469,-0.4195427894592285,590.2145385742188,0.00023047288414090872,-3.6222147941589355,591.3484497070312,0.00016054674051702023,-0.26395750045776367,592.0742797851562,0.0002406708663329482,-0.21516180038452148,596.8700561523438,0.0011878149816766381,873.9552612304688,730.67822265625,0.004015139304101467
36,-4.741549491882324,561.772216796875,0.00024252006551250815,-0.3082747459411621,587.4560546875,0.00011352520959917456,0.5156233310699463,590.9382934570312,0.00021970710076857358,-3.3149843215942383,591.2948608398438,0.00031855085399001837,1.3134057521820068,583.2156982421875,0.00037661349051631987,-2.178300380706787,587.9374389648438,0.00015226037066895515,1.075225591659546,608.9596557617188,0.00014789232227485627,0.6705899238586426,607.4177856445312,0.00038109696470201015,2.4710607528686523,554.735107421875,0.0001508082204964012,3.5206375122070312,556.3323974609375,0.0003102748596575111,-0.44620275497436523,590.1834106445312,0.00012829474871978164,-3.5476269721984863,591.6962890625,0.00012233674351591617,-0.2094573974609375,591.8521728515625,0.0001266597246285528,0.005490541458129883,596.4513549804688,0.0006953029660508037,873.6211547851562,730.6698608398438,0.002174302702769637
37,-2.5797386169433594,591.5971069335938,0.0002739245246630162,0.050147294998168945,587.6585693359375,0.00013264532026369125,0.37337613105773926,590.8837890625,0.00027014646911993623,-3.1040139198303223,591.2276611328125,0.0004085839609615505,1.2418265342712402,583.0501708984375,0.0004404789942782372,-1.9774799346923828,587.828369140625,0.00018263058154843748,1.6039416790008545,609.4263916015625,0.0002066601737169549,0.7715833187103271,607.49755859375,0.0005353999440558255,2.2941360473632812,554.9342651367188,0.0001432673743693158,1.901444673538208,583.0515747070312,0.00035533038317225873,-0.6588129997253418,590.3862915039062,0.00016547422274015844,-3.52166748046875,591.5877685546875,0.00013535212201531976,-0.029095172882080078,592.030517578125,0.00016484697698615491,-0.01619863510131836,596.8499145507812,0.000918678764719516,874.325439453125,730.56689453125,0.009504993446171284
38,-4.986525535583496,561.8168334960938,0.00025822248426266015,-0.8969202041625977,553.7639770507812,0.00012727583816740662,0.34685444831848145,590.5610961914062,0.0002495180815458298,-3.4172539710998535,591.1227416992188,0.0003452021919656545,1.2260568141937256,583.284423828125,0.00039666349766775966,0.7853801250457764,555.5824584960938,0.00016982931992970407,1.4296650886535645,609.247802734375,0.00019357274868525565,0.9510378837585449,607.4918823242188,0.000492822437081486,2.6009671688079834,554.782958984375,0.00016773461538832635,3.6332881450653076,556.4909057617188,0.00034386158222332597,-0.6699585914611816,590.2137451171875,0.00012986613728571683,-3.5654640197753906,591.4970703125,0.0001268018240807578,-0.35428285598754883,591.8717041015625,0.00015081051969900727,-0.20619583129882812,596.3583374023438,0.0007390149403363466,874.0960083007812,731.1111450195312,0.005444250535219908
39,-2.2632064819335938,591.3109741210938,0.0002613033866509795,0.01879096031188965,587.6915283203125,0.00013441142800729722,0.46759963035583496,590.7399291992188,0.00027897648396901786,-2.9601354598999023,591.0282592773438,0.00039001021650619805,1.226297378540039,583.2427978515625,0.00045175093691796064,-2.1089305877685547,587.9019775390625,0.00018365582218393683,1.3827641010284424,609.2652587890625,0.00023909661103971303,1.0151300430297852,607.5342407226562,0.0006357029778882861,2.291707754135132,554.8357543945312,0.00015584453649353236,1.6240684986114502,583.2802124023438,0.0003539122990332544,-0.2706942558288574,590.1766357421875,0.00016658700769767165,-3.5034432411193848,591.5346069335938,0.0001475099561503157,0.13358426094055176,591.6318359375,0.0001604224817128852,0.4148378372192383,596.6229248046875,0.0010418122401461005,873.8935546875,730.6585083007812,0.0018159851897507906
40,-2.2114710807800293,591.5724487304688,0.0003799533878918737,0.1114509105682373,588.0451049804688,0.00015081799938343465,0.13279008865356445,590.6898803710938,0.00032946979627013206,-2.950437545776367,591.120849609375,0.00048273144057020545,1.3183658123016357,583.1718139648438,0.00045966985635459423,-1.8576698303222656,588.12646484375,0.00021323187684174627,2.0144009590148926,609.5808715820312,0.0003137043386232108,1.1275074481964111,607.523193359375,0.0008322512148879468,2.3772101402282715,554.9288940429688,0.00014075283252168447,1.982330083847046,583.0519409179688,0.00038028150447644293,-0.35491371154785156,590.3262939453125,0.00021578992891591042,-3.4073233604431152,591.5655517578125,0.00017172735533677042,-0.25995588302612305,592.22607421875,0.00023553297796752304,0.1752638816833496,597.006591796875,0.0012591195991262794,874.0277099609375,730.8564453125,0.006929749622941017
41,-2.3183250427246094,591.4330444335938,0.0003321685653645545,-0.13242149353027344,587.7494506835938,0.000140467265737243,0.4822218418121338,601.4800415039062,0.0003735914942808449,-3.0285677909851074,591.3065185546875,0.0004277737170923501,1.5309913158416748,582.9889526367188,0.00042852427577599883,-2.187471389770508,587.91259765625,0.00018884768360294402,1.4450862407684326,609.7898559570312,0.00036575435660779476,1.1772565841674805,607.6453247070312,0.0007902152719907463,2.2799072265625,554.8043823242188,0.0001614652428543195,1.6359238624572754,582.9679565429688,0.0003849136992357671,-0.12446308135986328,590.3562622070312,0.0001823182828957215,-3.446377754211426,591.7716064453125,0.0001658614055486396,-0.26288890838623047,592.3530883789062,0.00018783574341796339,0.5137662887573242,597.127197265625,0.0013615891803056002,873.9876098632812,730.7206420898438,0.003686013864353299
42,-2.437922477722168,590.9998779296875,0.0002817725471686572,-0.35837459564208984,587.6416625976562,0.00014306328375823796,0.24765992164611816,590.4234619140625,0.0002908222086261958,-2.911536693572998,590.880126953125,0.000382593076210469,1.5638954639434814,583.2179565429688,0.00044701213482767344,-1.9383106231689453,588.0349731445312,0.00018049085338134319,0.1810131072998047,594.0012817382812,0.00017882679821923375,0.8855304718017578,607.5543212890625,0.0004415049043018371,2.2181413173675537,554.8729858398438,0.00016833255358505994,3.977538585662842,556.2034301757812,0.00036892128991894424,-0.18306589126586914,590.0319213867188,0.00016618591325823218,-3.588953971862793,591.2903442382812,0.0001497746998211369,-0.2108292579650879,591.45166015625,0.00017075582582037896,0.1730349063873291,596.1162109375,0.0010631791083142161,874.1654052734375,730.8875122070312,0.0044554187916219234
43,-2.6476707458496094,591.0812377929688,0.00030235183658078313,-0.0670466423034668,588.0145263671875,0.00016251046326942742,0.2909512519836426,590.3885498046875,0.00028761071735061705,-3.0535879135131836,590.8838500976562,0.00042081219726242125,1.4365768432617188,583.2884521484375,0.00042042109998874366,-1.83245849609375,588.135009765625,0.0002013939811149612,1.6349337100982666,609.3784790039062,0.0002385169209446758,0.9272868633270264,607.5751342773438,0.0006149145774543285,2.591369152069092,554.6723022460938,0.00017068811575882137,3.685595989227295,556.3175659179688,0.00040944002103060484,-0.6675529479980469,590.0463256835938,0.00017105731240008026,-3.560758113861084,591.0523681640625,0.00014924223069101572,-0.38449621200561523,591.6102294921875,0.0001939329958986491,-0.19869184494018555,596.4577026367188,0.0009268019930459559,873.9153442382812,730.734619140625,0.002707117237150669
44,-2.500521183013916,591.0297241210938,0.0002750125713646412,-0.1148991584777832,587.7531127929688,0.00013901419879402965,0.4970722198486328,590.5177612304688,0.0003084641939494759,-3.117288112640381,590.9475708007812,0.0004200623370707035,1.1560091972351074,583.158447265625,0.00045057039824314415,-2.1021790504455566,588.103759765625,0.00018710411677602679,1.6816294193267822,609.3674926757812,0.00023457199858967215,0.981926679611206,607.4661254882812,0.0006099083111621439,2.488131046295166,554.658447265625,0.00015352710033766925,1.564530611038208,583.3062744140625,0.00034520929330028594,-0.5385217666625977,589.9501953125,0.00017346472304780036,-3.4466872215270996,591.3709716796875,0.0001493162417318672,-0.03783273696899414,591.5551147460938,0.00017153016233351082,0.3412477970123291,596.2100830078125,0.0011322270147502422,873.6090698242188,730.743408203125,0.0017928428715094924
45,-2.2814197540283203,591.4946899414062,0.0003339352260809392,0.03596186637878418,587.7154541015625,0.00014504855789709836,0.2319638729095459,590.8363037109375,0.0002882728585973382,-2.8608665466308594,591.331298828125,0.0004488331906031817,1.6988701820373535,583.15625,0.00046711289905942976,-1.840512752532959,587.7630615234375,0.0002237047447124496,1.728435754776001,609.3753051757812,0.0002684682549443096,1.016014575958252,607.3980712890625,0.0007697920082136989,2.437572479248047,554.9488525390625,0.0001502849772805348,1.973282814025879,583.36376953125,0.0003618716145865619,-0.1194906234741211,590.5235595703125,0.0002019125531660393,-3.449472427368164,591.51904296875,0.0001679296838119626,-0.004313468933105469,592.10546875,0.0001907005935208872,0.17824292182922363,596.7447509765625,0.0012432364746928215,873.96533203125,730.9848022460938,0.003923529759049416
46,-2.4718546867370605,591.5166015625,0.000344432977726683,-0.047884464263916016,587.641845703125,0.00013585991109721363,0.034241676330566406,590.6439819335938,0.0003148636023979634,-2.9195027351379395,591.1034545898438,0.0004194721404928714,1.4972760677337646,583.2634887695312,0.0004697063995990902,-1.843644618988037,587.9496459960938,0.00018934370018541813,1.7446765899658203,609.1492919921875,0.0002513214130885899,1.0348050594329834,607.3914184570312,0.0006545634241774678,2.286616802215576,554.72900390625,0.00013529096031561494,2.084470748901367,583.3074951171875,0.0003401941212359816,-0.16535568237304688,590.3092651367188,0.00017687883519101888,-3.6300244331359863,591.3955688476562,0.00015467824414372444,-0.3535008430480957,591.92578125,0.00018657695909496397,-0.24547863006591797,596.8170166015625,0.0008741648634895682,873.6646728515625,730.630859375,0.0034556426107883453
47,-2.422297954559326,591.3574829101562,0.00030139574664644897,0.08185434341430664,587.6463012695312,0.00014685328642372042,0.49286532402038574,590.8112182617188,0.0002823119575623423,-3.0555858612060547,591.2149658203125,0.00039835486677475274,1.2859480381011963,583.0851440429688,0.00045159956789575517,-1.9347167015075684,587.8621215820312,0.00019002427870873362,1.6822826862335205,609.3014526367188,0.00019800345762632787,0.907991886138916,607.4718627929688,0.0004595014324877411,2.3726425170898438,554.928466796875,0.0001530113659100607,1.8701260089874268,583.1188354492188,0.00036989874206483364,-0.4848947525024414,590.324951171875,0.00018630959675647318,-3.278992176055908,591.5196533203125,0.00015611226262990385,-0.09198474884033203,591.8829345703125,0.00017210897931363434,0.24607396125793457,596.62109375,0.0009750549215823412,874.0625610351562,730.89306640625,0.004053829703480005
48,-2.8507204055786133,591.3920288085938,0.00028737031971104443,-0.9979672431945801,553.517578125,0.0001283022138522938,0.2526271343231201,590.6123657226562,0.00026803242508322,-3.4966602325439453,591.1395874023438,0.000421088479924947,1.2694833278656006,583.0899658203125,0.0003894263645634055,-2.0588221549987793,588.1564331054688,0.0001735400001052767,1.666673183441162,609.4591674804688,0.0002520396083127707,0.8962421417236328,607.3652954101562,0.0006154132424853742,2.5939831733703613,554.600341796875,0.00017788703553378582,3.903097152709961,556.5206298828125,0.00037696314393542707,-0.8576288223266602,590.2176513671875,0.00015120980970095843,-3.566728115081787,591.5678100585938,0.00013355963164940476,-0.4641880989074707,592.2506103515625,0.00017684795602690428,-0.15620708465576172,596.697998046875,0.0009360304684378207,874.1622924804688,730.77783203125,0.003975922241806984
49,-2.3296151161193848,591.6915893554688,0.0003214935422874987,-0.08019685745239258,587.5259399414062,0.00015065442130435258,0.20037841796875,590.9483032226562,0.0002785292163025588,-3.010526657104492,591.2578735351562,0.000423254823544994,1.2965354919433594,583.04296875,0.00047514293692074716,-2.015554904937744,587.8492431640625,0.00019347974739503115,1.6552600860595703,609.273193359375,0.00021857254614587873,0.9385757446289062,607.5297241210938,0.0006360557163134217,2.3081459999084473,555.02294921875,0.00012636113387998194,2.047774314880371,582.90576171875,0.00041848758701235056,-0.4793705940246582,590.3211669921875,0.00018383469432592392,-3.3974337577819824,591.5796508789062,0.00015204056398943067,-0.24286937713623047,592.1581420898438,0.00018013875524047762,0.13542413711547852,596.8734130859375,0.0009614172740839422,874.1580200195312,730.8521118164062,0.004770054016262293
50,-2.8475208282470703,591.3452758789062,0.000248155789449811,-0.9804301261901855,553.7075805664062,0.00011516419181134552,0.34881067276000977,590.6134033203125,0.00023982059792615473,-3.422334671020508,591.1851806640625,0.0003655035689007491,1.195047378540039,583.2264404296875,0.00035037696943618357,-2.0249075889587402,588.11376953125,0.00016167030844371766,1.5087800025939941,609.4586181640625,0.00021447119070217013,0.915034294128418,607.5297241210938,0.0005058421520516276,2.457991600036621,554.8051147460938,0.00015899525897111744,3.7716915607452393,556.3897094726562,0.00030589496600441635,-0.7043404579162598,590.1588745117188,0.00013619598757941276,-3.6719799041748047,591.6041870117188,0.00011616044503170997,-0.4278278350830078,591.9276123046875,0.000145586600410752,-0.40912437438964844,596.429443359375,0.0007274587987922132,873.8295288085938,730.806396484375,0.002447879407554865
51,-2.3329811096191406,591.6172485351562,0.0002891344192903489,-0.09788990020751953,587.581298828125,0.00013988434511702508,0.3858487606048584,590.8619995117188,0.00028870164533145726,-2.977541446685791,591.16357421875,0.0003649593854788691,1.3209025859832764,583.294189453125,0.00043223428656347096,-2.06646728515625,588.0160522460938,0.00017944529827218503,1.5313704013824463,609.2678833007812,0.00023869550204835832,1.00655198097229,607.5546264648438,0.0006627773400396109,2.3163135051727295,554.9381713867188,0.00014828614075668156,1.7679319381713867,583.187255859375,0.0003531583643052727,-0.2917628288269043,590.1431884765625,0.00018123153131455183,-3.4995718002319336,591.6272583007812,0.0001470344577683136,-0.0813608169555664,591.8787231445312,0.000167978520039469,0.09797477722167969,596.6630249023438,0.0008710274123586714,873.5301513671875,730.7035522460938,0.0022180164232850075
52,-4.942692756652832,561.686279296875,0.00027525759651325643,-1.0216188430786133,553.818115234375,0.00012652149598579854,0.37321925163269043,590.7023315429688,0.0002449805033393204,-3.073363780975342,591.1002197265625,0.0003332860942464322,1.5139155387878418,583.2720336914062,0.00038415053859353065,-2.0879406929016113,587.9788208007812,0.0001694936363492161,1.3963594436645508,609.3907470703125,0.00021400624245870858,0.9989197254180908,607.5780639648438,0.0005798147758468986,2.443345546722412,554.9570922851562,0.00016066970420069993,3.6174960136413574,556.0598754882812,0.00032382120843976736,-0.21102237701416016,590.175048828125,0.00014183524763211608,-3.5931615829467773,591.5223999023438,0.0001337236462859437,-0.1678466796875,591.8319091796875,0.00015054241521283984,0.07565569877624512,596.5121459960938,0.0008563243900425732,873.7711181640625,730.5614624023438,0.0023491671308875084
53,-4.809639930725098,561.8273315429688,0.00028922647470608354,-0.907860279083252,553.861328125,0.00013637544179800898,0.479902982711792,590.8265380859375,0.0002772001316770911,-2.952286720275879,591.1193237304688,0.00032594133517704904,1.3580658435821533,583.276611328125,0.00040251034079119563,-1.9982028007507324,587.9090576171875,0.00016114026948343962,1.4564340114593506,609.194091796875,0.0002133213565684855,0.9917192459106445,607.4756469726562,0.0005754692247137427,2.456881046295166,554.668212890625,0.00016593288455624133,3.6872267723083496,556.1409301757812,0.000342604354955256,-0.21677875518798828,590.0713500976562,0.00014621418085880578,-3.573617458343506,591.6351928710938,0.0001353421830572188,0.09991145133972168,591.6441650390625,0.00014277247828431427,0.005723476409912109,596.463623046875,0.0008165668696165085,874.1466064453125,730.5725708007812,0.0025069057010114193
54,-2.5235233306884766,591.1593627929688,0.00032492243917658925,0.016031980514526367,587.7728881835938,0.00015820343105588108,0.38494372367858887,590.601318359375,0.0003357438836246729,-3.039677619934082,590.998046875,0.0004462787474039942,1.4537432193756104,583.1254272460938,0.0004914056044071913,-1.9788851737976074,587.9932861328125,0.00020399979257490486,1.6038446426391602,609.456787109375,0.00027747804415412247,0.9966106414794922,607.57568359375,0.0007017425959929824,2.3207147121429443,554.8114624023438,0.00016825216880533844,1.9209980964660645,583.1229248046875,0.0004313139943405986,-0.3631901741027832,590.1751708984375,0.00018299801740795374,-3.3693346977233887,591.3992919921875,0.00018206742242909968,-0.17028474807739258,591.8712768554688,0.00019762020383495837,0.38611268997192383,596.588623046875,0.0012871987419202924,874.3185424804688,730.82666015625,0.005563323386013508
55,-2.4288601875305176,591.3654174804688,0.0002620711165945977,-0.0933237075805664,587.73486328125,0.0001387789670843631,0.4443964958190918,590.7235717773438,0.0002767174446489662,-2.981389045715332,591.0679321289062,0.0003512560506351292,1.3657922744750977,583.13525390625,0.0004191021726001054,-2.122687816619873,588.014892578125,0.00017263260087929666,1.5191760063171387,609.4703979492188,0.0002389373112237081,0.924046516418457,607.5979614257812,0.000635002099443227,2.410365581512451,554.6797485351562,0.00015182007336989045,1.7116646766662598,583.2059936523438,0.00032630818895995617,-0.2825350761413574,590.1731567382812,0.0001580327661940828,-3.4941930770874023,591.4176635742188,0.0001443096698494628,-0.02700328826904297,591.8388061523438,0.00015992746921256185,0.12980341911315918,596.6160278320312,0.000903161009773612,874.1566772460938,731.013916015625,0.005972553975880146
56,-2.152362823486328,591.4564819335938,0.00031011871760711074,0.004007816314697266,587.6386108398438,0.00015321750834118575,0.3276050090789795,590.7560424804688,0.0002887702139560133,-2.769667625427246,591.0469970703125,0.0003566126397345215,1.3546547889709473,583.27880859375,0.0004634726792573929,-2.0397109985351562,587.9610595703125,0.00018368978635407984,1.7845005989074707,609.3264770507812,0.00022180941596161574,0.9630277156829834,607.5527954101562,0.0005660569295287132,2.1032750606536865,554.787841796875,0.00012917316053062677,1.820286512374878,583.0560302734375,0.0003725760616362095,-0.19884395599365234,590.09423828125,0.00017961135017685592,-3.444279193878174,591.3369140625,0.00015707923739682883,-0.051911354064941406,591.6959838867188,0.00017272202239837497,0.16709613800048828,596.6640014648438,0.000895008270163089,874.0037841796875,730.8524780273438,0.00707879476249218
57,-2.298029899597168,591.5568237304688,0.000287317467154935,0.20463037490844727,587.9140625,0.00013415879220701754,0.2999916076660156,590.6864624023438,0.0002705658262129873,-2.8825368881225586,591.1185302734375,0.0003647261764854193,1.2677361965179443,583.22412109375,0.0004491000436246395,-1.9215846061706543,587.9542236328125,0.00018635134620126337,1.8035173416137695,609.1268920898438,0.00023043375404085964,1.1678931713104248,607.380859375,0.0006323698326013982,2.123145580291748,554.917724609375,0.000142337623401545,1.8152437210083008,583.0213623046875,0.00037002182216383517,-0.4710993766784668,590.2844848632812,0.0001922009396366775,-3.373054027557373,591.3981323242188,0.00015648170665372163,0.02265763282775879,591.88818359375,0.0001768432412063703,0.008799314498901367,596.9165649414062,0.0009410684579052031,874.0099487304688,730.7622680664062,0.0021633191499859095
58,-0.11283111572265625,512.3452758789062,0.004344171844422817,0.1755359172821045,525.43408203125,0.0015541287139058113,0.7294797897338867,518.8502807617188,0.003338682232424617,-0.7721552848815918,508.79364013671875,0.00785226933658123,1.6186249256134033,505.3559265136719,0.0018140551401302218,-1.0250768661499023,526.857666015625,0.001450736541301012,2.2141175270080566,511.4018249511719,0.0026376794558018446,3.2669920921325684,511.4053955078125,0.0016927828546613455,1.3177409172058105,527.3170166015625,0.0008714258437976241,2.9937148094177246,505.07684326171875,0.0007381017203442752,-0.06635379791259766,509.19964599609375,0.003151972545310855,-0.7126379013061523,510.0429992675781,0.0013952763983979821,0.17845892906188965,510.4959716796875,0.002900831401348114,-0.3414425849914551,512.0860595703125,0.003827013075351715,3.8521149158477783,512.7103881835938,0.023893244564533234
59,-2.371243476867676,591.5779418945312,0.0003737280785571784,-0.6735272407531738,553.5379638671875,0.0001713470701361075,0.4278843402862549,601.5629272460938,0.0004847025847993791,-3.0982718467712402,591.4558715820312,0.0004638110112864524,1.4653346538543701,582.8634643554688,0.0004610845062416047,-1.956747055053711,587.8734130859375,0.0001981855311896652,1.3870232105255127,610.113525390625,0.0004266350588295609,1.1998190879821777,607.8184204101562,0.0010080424835905433,2.344611167907715,554.6334228515625,0.00016532375593669713,1.9005966186523438,583.0676879882812,0.000395209965063259,-0.17006254196166992,590.5072631835938,0.000172106345416978,-3.439640522003174,591.7125244140625,0.0001656271779211238,-0.18120193481445312,592.6796264648438,0.0002165485784644261,0.53611159324646,597.29541015625,0.0014380887150764465,874.044677734375,730.5401000976562,0.005704162176698446
60,-2.4907636642456055,591.2864990234375,0.00028119530179537833,-0.23845624923706055,587.6390991210938,0.00013971237058285624,0.29634761810302734,590.546875,0.00024872878566384315,-3.1962594985961914,590.9573364257812,0.0003440433938521892,1.3707411289215088,583.587158203125,0.00044459389755502343,-2.0123281478881836,588.0989990234375,0.00016689130279701203,1.5118253231048584,609.1473999023438,0.0001843790669227019,0.981142520904541,607.4348754882812,0.000525274605024606,2.0608768463134766,555.7794189453125,0.00016770182992331684,1.9032175540924072,583.326416015625,0.0003181475040037185,-0.445554256439209,590.1641235351562,0.00017281592590734363,-3.4983057975769043,591.298095703125,0.00014770968118682504,-0.2903270721435547,591.4500122070312,0.0001699038257356733,-0.028995037078857422,596.2286376953125,0.0007699218695051968,874.1583251953125,730.7254638671875,0.003944835159927607
61,-2.8950562477111816,526.7525024414062,0.0013646880397573113,-0.32625389099121094,526.4447631835938,0.00046052265679463744,-0.2220778465270996,523.5071411132812,0.0007121629314497113,-2.8465147018432617,524.0479736328125,0.0010374117409810424,1.8295352458953857,523.7842407226562,0.0006226490950211883,-0.24638843536376953,526.962158203125,0.0005385271506384015,2.4173927307128906,526.6774291992188,0.0008441729005426168,0.9502692222595215,607.6555786132812,0.000648408429697156,1.464928388595581,541.7686767578125,0.000383793463697657,2.314701795578003,582.7890014648438,0.00039763859240338206,-0.7946691513061523,525.5891723632812,0.0005144476308487356,-1.508805751800537,523.9596557617188,0.00044751440873369575,-0.9014286994934082,525.0111083984375,0.0011510036420077085,-1.9426593780517578,525.53271484375,0.0009034235845319927,-0.18875980377197266,527.4751586914062,0.008023143745958805
62,4.060484886169434,572.601806640625,0.37583139538764954,1.394996166229248,574.7536010742188,0.021826088428497314,3.7065329551696777,571.6552734375,0.02907373756170273,3.0380916595458984,570.886474609375,0.06475882977247238,2.291463851928711,569.478271484375,0.020539000630378723,2.1095190048217773,572.3486938476562,0.015655850991606712,2.5904440879821777,573.791015625,0.015484461560845375,4.053238868713379,573.7756958007812,0.021270638331770897,3.619588851928711,570.9041748046875,0.00985400564968586,6.064324378967285,569.3359375,0.006787389051169157,1.695432186126709,570.482421875,0.0438552163541317,1.9145145416259766,571.5482177734375,0.03904854878783226,2.896272659301758,573.2078857421875,0.06161656975746155,2.585416316986084,572.2342529296875,0.03850551322102547,5.099720478057861,575.0993041992188,0.17458859086036682
63,13.426281929016113,572.5238037109375,0.9945677518844604,2.186873435974121,569.815185546875,0.04331110417842865,4.030542373657227,573.6314697265625,0.059980444610118866,6.980725288391113,570.6369018554688,0.032931867986917496,2.2180495262145996,568.4859619140625,0.0650378093123436,1.1003665924072266,569.5534057617188,0.024530526250600815,1.857964038848877,570.0252685546875,0.02115539088845253,4.765066623687744,574.0669555664062,0.04369329288601875,2.4644083976745605,569.6994018554688,0.020640403032302856,2.7080514430999756,566.9334716796875,0.031070714816451073,4.751774311065674,563.9570922851562,0.03864321857690811,3.8698716163635254,571.8291015625,0.07764340192079544,7.444347381591797,574.6624145507812,0.01931324228644371,8.45363998413086,573.832275390625,0.025397364050149918,5.731932163238525,573.9436645507812,0.040561575442552567
64,23.100730895996094,575.281494140625,0.9989203214645386,1.2445178031921387,568.7299194335938,0.050673529505729675,2.482719898223877,576.0277709960938,0.035971928387880325,24.37273597717285,571.9927978515625,0.02405259571969509,3.235104560852051,569.9237060546875,0.0765850692987442,1.619333028793335,569.417236328125,0.016422569751739502,2.1719002723693848,568.9793701171875,0.01829308457672596,2.139375686645508,548.95361328125,0.019325971603393555,3.1908302307128906,555.0799560546875,0.0355038084089756,1.9557139873504639,569.3394165039062,0.090863898396492,26.16154670715332,572.1376953125,0.016713855788111687,2.2073097229003906,574.4262084960938,0.03819524496793747,8.589853286743164,574.2579345703125,0.01044094655662775,8.024078369140625,576.5343017578125,0.027272462844848633,5.05859899520874,577.0313110351562,0.017079642042517662
65,36.136009216308594,575.298583984375,0.9994352459907532,-3.4979352951049805,548.7171630859375,0.006885123439133167,3.038391590118408,587.3443603515625,0.047920893877744675,36.487518310546875,573.3733520507812,0.015620309859514236,26.001121520996094,568.2733154296875,0.012447841465473175,27.627161026000977,567.9094848632812,0.0035376923624426126,3.231144905090332,542.969970703125,0.00496210902929306,3.0635974407196045,535.6356201171875,0.005441666580736637,26.212175369262695,568.4150390625,0.005000018514692783,1.7670464515686035,567.96923828125,0.01200206857174635,36.175811767578125,566.0810546875,0.014771480113267899,27.79804229736328,574.41259765625,0.006948745343834162,38.659278869628906,582.5320434570312,0.0044068084098398685,1.6802382469177246,527.1363525390625,0.01313896756619215,31.156272888183594,577.6763916015625,0.006034792400896549
66,50.42826461791992,574.9395141601562,0.9997181296348572,-1.6198501586914062,522.3958740234375,0.010702291503548622,6.1342902183532715,587.2761840820312,0.025631889700889587,51.260154724121094,573.06103515625,0.018543992191553116,35.83293914794922,567.016357421875,0.009774959646165371,43.5377197265625,567.2377319335938,0.0033743903040885925,3.451083183288574,512.8194580078125,0.004356193821877241,3.9141972064971924,511.3108825683594,0.009925493970513344,4.550957679748535,509.16082763671875,0.004394228104501963,44.45697021484375,554.3466796875,0.006000944413244724,51.68301010131836,566.3651123046875,0.026353241875767708,44.60968780517578,573.0067138671875,0.004304972477257252,0.8061861991882324,510.1276550292969,0.18718388676643372,-1.4101476669311523,508.00213623046875,0.013746501877903938,0.6392922401428223,512.3535766601562,0.016561049968004227
67,62.258636474609375,574.5821533203125,0.9991586208343506,-4.067368507385254,542.83837890625,0.05563708394765854,58.128204345703125,575.301513671875,0.014420142397284508,59.22542190551758,572.0360107421875,0.016365570947527885,43.81325912475586,569.3536987304688,0.010073458775877953,60.08425521850586,567.2525024414062,0.0038150849286466837,2.4933438301086426,513.4664306640625,0.004251583945006132,4.336999893188477,511.7738952636719,0.005066909361630678,57.401466369628906,568.6754150390625,0.004029294475913048,2.6244938373565674,557.4024658203125,0.00620397599413991,66.46086120605469,571.1654663085938,0.006307502277195454,59.54817199707031,572.2274169921875,0.006119654048234224,2.1903998851776123,506.2718811035156,0.14983171224594116,-0.48004674911499023,503.9234924316406,0.009427058510482311,59.685630798339844,575.8951416015625,0.006066909059882164
68,74.0204086303711,574.94189453125,0.9988592863082886,7.308377265930176,540.4804077148438,0.9929875731468201,0.49307823181152344,538.9383544921875,0.02275649458169937,73.47340393066406,571.783447265625,0.026434050872921944,58.001346588134766,569.25830078125,0.008707506582140923,0.010295867919921875,541.029052734375,0.0391964316368103,-1.9047412872314453,539.8349609375,0.006573958322405815,3.23222017288208,541.7635498046875,0.014599024318158627,1.3553767204284668,543.1566162109375,0.00414354307577014,77.28144073486328,564.2421264648438,0.004604227840900421,75.2464828491211,571.437255859375,0.012278541922569275,1.753424882888794,536.7080688476562,0.024438172578811646,4.590054512023926,532.5294189453125,0.01678452268242836,1.7887816429138184,535.544189453125,0.011356379836797714,3.8893446922302246,540.0245361328125,0.018891513347625732
69,84.05974578857422,574.47998046875,0.9996230602264404,16.234464645385742,541.3624267578125,0.9991299510002136,3.7891039848327637,540.6796875,0.06688762456178665,0.3037595748901367,539.6703491210938,0.02031802013516426,67.76010131835938,567.7977905273438,0.010135337710380554,-2.77408504486084,541.5706176757812,0.10393492877483368,-3.228100299835205,522.3309936523438,0.021953793242573738,3.0958077907562256,542.239501953125,0.02175050973892212,-1.5770087242126465,544.2703857421875,0.004238578956574202,77.38005065917969,554.9795532226562,0.00395957613363862,5.265294551849365,557.177734375,0.00659267557784915,5.555973052978516,530.3062133789062,0.046532824635505676,6.435844421386719,532.0133056640625,0.007004817482084036,78.51478576660156,576.9969482421875,0.004100705962628126,4.255300998687744,539.6593627929688,0.009529859758913517
70,94.24554443359375,574.626953125,0.9989567995071411,26.780006408691406,541.8191528320312,0.9981970191001892,89.64088439941406,575.0243530273438,0.013432570733129978,2.5146048069000244,539.9130859375,0.017346885055303574,75.11555480957031,569.333984375,0.010417134501039982,-2.747237205505371,543.2491455078125,0.1616734117269516,-4.971036911010742,520.0573120117188,0.06620288640260696,1.7100367546081543,539.4568481445312,0.005347294732928276,-1.1620616912841797,527.9422607421875,0.004166736733168364,91.22157287597656,564.58984375,0.004601425025612116,98.5150146484375,571.2509765625,0.005467150826007128,26.301986694335938,522.4620361328125,0.006415160372853279,99.21839904785156,581.64111328125,0.004578960128128529,80.2098617553711,579.3240356445312,0.0027042285073548555,91.57145690917969,575.774658203125,0.006226633675396442
71,102.469482421875,575.9100341796875,0.9997718930244446,37.06602478027344,541.6182250976562,0.9997051358222961,6.866527080535889,543.2381591796875,0.008440162055194378,103.30683135986328,572.1036376953125,0.016741391271352768,48.118858337402344,558.5964965820312,0.019323499873280525,-0.4578075408935547,542.3655395507812,0.5463870763778687,-1.7576289176940918,513.4918823242188,0.18371888995170593,2.1883654594421387,538.545166015625,0.004178158938884735,-3.0469460487365723,528.3270263671875,0.0083387466147542,46.29348373413086,540.1121826171875,0.0039709024131298065,105.80914306640625,571.8844604492188,0.00765130715444684,5.503149509429932,524.6546630859375,0.0044510243460536,45.10847473144531,532.0237426757812,0.0033173079136759043,96.10362243652344,584.0526123046875,0.006582686211913824,41.734901428222656,537.7423095703125,0.007885401137173176
72,114.14151000976562,576.1376342773438,0.9997507929801941,44.389686584472656,542.2846069335938,0.999248206615448,41.42530059814453,538.9763793945312,0.019906824454665184,115.09957122802734,573.6635131835938,0.012967102229595184,-0.48516178131103516,558.1793212890625,0.019525382667779922,4.131267070770264,541.6824951171875,0.6083734035491943,1.0044105052947998,508.19232177734375,0.5085888504981995,0.9837965965270996,509.1917419433594,0.014277939684689045,0.5033459663391113,529.1536254882812,0.013985914178192616,105.39511108398438,565.0501708984375,0.0037993632722646,115.75064849853516,571.6740112304688,0.00559987872838974,44.05502700805664,521.6544189453125,0.018869712948799133,117.40977478027344,583.5401611328125,0.004195665940642357,2.1257076263427734,505.4547424316406,0.010638202540576458,110.38481903076172,577.8990478515625,0.003548153443261981
73,125.47561645507812,578.0118408203125,0.999680757522583,56.15232849121094,541.2823486328125,0.9993755221366882,93.67157745361328,586.033203125,0.5676474571228027,121.91768646240234,574.4446411132812,0.009153520688414574,1.5993027687072754,555.390869140625,0.02716691792011261,11.431269645690918,539.504150390625,0.6170632243156433,7.54124116897583,508.5528564453125,0.7709145545959473,3.439887762069702,506.53558349609375,0.02516561932861805,3.911728858947754,528.75341796875,0.013379744254052639,122.35218811035156,565.8197631835938,0.0056296829134225845,63.696258544921875,554.4736938476562,0.007131611462682486,53.21155548095703,523.2869873046875,0.012446646578609943,2.1056408882141113,507.1765441894531,0.006204851903021336,1.123981237411499,497.1858825683594,0.021132977679371834,2.3480095863342285,506.16015625,0.009103866294026375
74,137.10903930664062,578.8406372070312,0.9995759129524231,66.85773468017578,542.8159790039062,0.9997995495796204,103.4424819946289,589.5014038085938,0.22656528651714325,75.40206909179688,582.24462890625,0.012370407581329346,2.660524368286133,553.62109375,0.038132742047309875,23.256107330322266,539.3426513671875,0.43142256140708923,16.28742790222168,509.9410705566406,0.5079933404922485,5.527984619140625,505.616455078125,0.01673523150384426,6.7086639404296875,531.0562744140625,0.009710713289678097,140.8070068359375,565.6265869140625,0.005189910065382719,140.01170349121094,572.781005859375,0.006167279090732336,63.891597747802734,529.6760864257812,0.007444942835718393,1.0268075466156006,506.62164306640625,0.004321652464568615,2.6531405448913574,496.8031311035156,0.008384554646909237,0.762547492980957,505.92919921875,0.005797552410513163
75,150.37069702148438,580.0606689453125,0.9998928308486938,77.65656280517578,545.0986328125,0.9997931122779846,107.33131408691406,589.1318359375,0.26945728063583374,151.47109985351562,579.0226440429688,0.010033221915364265,3.2637224197387695,548.0424194335938,0.054105088114738464,32.94279098510742,539.168212890625,0.7469414472579956,29.21250343322754,509.12548828125,0.6523450613021851,6.264260292053223,504.31976318359375,0.004454814363270998,22.824708938598633,529.8092041015625,0.004640641156584024,158.55482482910156,564.7346801757812,0.004907454364001751,149.0745849609375,573.0015869140625,0.004311121068894863,78.2503662109375,531.415771484375,0.006696348078548908,48.86094284057617,510.34466552734375,0.004239805042743683,144.60855102539062,580.1817016601562,0.0036525612231343985,2.019683361053467,482.1040954589844,0.006327941082417965
76,163.36886596679688,582.2547607421875,0.9997608065605164,92.87623596191406,548.0469360351562,0.9996547698974609,8.002114295959473,587.5628662109375,0.5471388697624207,4.947480201721191,579.7074584960938,0.9320854544639587,7.091043472290039,546.9149169921875,0.8600507378578186,39.70966720581055,540.6717529296875,0.923021137714386,33.64249801635742,513.3334350585938,0.9560134410858154,9.736515998840332,505.64434814453125,0.013099899515509605,153.65380859375,569.1110229492188,0.018679412081837654,4.123347282409668,546.1884155273438,0.024537697434425354,5.9406633377075195,576.1709594726562,0.11018697917461395,-0.48668527603149414,541.7681274414062,0.008415503427386284,4.095856666564941,586.7313232421875,0.018188759684562683,1.7274134159088135,544.135498046875,0.011722891591489315,3.0468239784240723,587.5787353515625,0.008554402738809586
77,175.77638244628906,582.6434326171875,0.9995381832122803,106.84989166259766,548.4093627929688,0.9997996687889099,31.796449661254883,598.6295166015625,0.9666724801063538,37.83635330200195,588.1991577148438,0.9783580303192139,22.9962158203125,551.1508178710938,0.9680233597755432,55.37495422363281,540.367919921875,0.9894702434539795,48.031578063964844,511.9498291015625,0.9805437922477722,42.21208190917969,508.12158203125,0.015170145779848099,41.47712326049805,532.2429809570312,0.011258927173912525,26.10564422607422,553.2266235351562,0.02195744775235653,43.21163558959961,586.857421875,0.07528438419103622,30.510562896728516,597.3271484375,0.031121449545025826,35.717796325683594,589.3203735351562,0.00829220563173294,4.989789962768555,559.39697265625,0.027964642271399498,64.21046447753906,534.7991943359375,0.009471074678003788
78,187.20651245117188,581.6090698242188,0.9993866682052612,118.28047180175781,549.0133056640625,0.9997742772102356,70.0571060180664,594.8443603515625,0.9982282519340515,68.37568664550781,578.7311401367188,0.9972284436225891,37.0192985534668,553.6409301757812,0.9652381539344788,70.65966033935547,542.2268676757812,0.9922135472297668,61.180381774902344,514.1563720703125,0.9853007197380066,57.029388427734375,510.1674499511719,0.01043161004781723,51.57978439331055,536.086669921875,0.01153207290917635,188.50552368164062,566.0950317382812,0.012923666276037693,75.69386291503906,573.8253784179688,0.009445399977266788,120.05255889892578,538.1607055664062,0.012098402716219425,81.75019073486328,535.8609008789062,0.006008850876241922,3.730393886566162,559.992431640625,0.007343010976910591,121.58950805664062,552.7977294921875,0.008049767464399338
79,195.65235900878906,583.24609375,0.9998400211334229,129.24159240722656,549.2518920898438,0.9999109506607056,107.70435333251953,593.1027221679688,0.9963997602462769,96.19373321533203,582.6310424804688,0.9152475595474243,51.22833251953125,562.1135864257812,0.7853124141693115,84.11151123046875,545.2608642578125,0.9777864813804626,73.08654022216797,516.8153686523438,0.9514947533607483,63.073822021484375,513.0360107421875,0.019721589982509613,76.22581481933594,538.68310546875,0.04237751290202141,185.35369873046875,568.6428833007812,0.006959717720746994,193.5939178466797,572.6464233398438,0.005746705923229456,100.66112518310547,590.4172973632812,0.025098420679569244,97.80509948730469,523.7149047851562,0.006839338690042496,191.8835906982422,588.3257446289062,0.004014594480395317,139.43197631835938,553.6710205078125,0.006551168393343687
80,206.68316650390625,581.614501953125,0.9994984865188599,140.5467987060547,550.22314453125,0.9998283386230469,134.27317810058594,592.72314453125,0.9975801706314087,116.29263305664062,586.216552734375,0.9956502318382263,71.43630981445312,571.187255859375,0.9058813452720642,99.5538101196289,550.1471557617188,0.9934333562850952,88.4932632446289,521.5040893554688,0.9560143351554871,75.51150512695312,517.1605224609375,0.04569176584482193,91.90681457519531,542.9246826171875,0.07567226141691208,77.39136505126953,571.530517578125,0.02781858667731285,108.6187744140625,585.9876708984375,0.039133504033088684,140.64842224121094,538.9734497070312,0.03476906940340996,143.13143920898438,548.0834350585938,0.006554032675921917,112.7374496459961,592.1358032226562,0.005132530815899372,124.84577178955078,590.2366333007812,0.013919692486524582
81,215.21978759765625,580.5455322265625,0.9998043179512024,149.51182556152344,551.6677856445312,0.9998862743377686,156.87582397460938,595.7090454101562,0.9989331364631653,138.1539306640625,592.8252563476562,0.9983212351799011,90.17898559570312,576.4573974609375,0.9809744954109192,115.09211730957031,553.750732421875,0.9943587183952332,104.650146484375,523.876708984375,0.9695379137992859,102.8878173828125,522.4163818359375,0.01566087082028389,100.6451416015625,544.2274169921875,0.024504268541932106,94.93550872802734,578.3231201171875,0.038578249514102936,123.36666870117188,592.2362060546875,0.05759994313120842,155.00135803222656,595.2479858398438,0.030169427394866943,157.17852783203125,547.5120849609375,0.004898246377706528,89.45430755615234,591.3179931640625,0.0040543051436543465,144.09927368164062,590.6188354492188,0.02972317300736904
82,224.14657592773438,582.241455078125,0.9997487664222717,157.4551239013672,552.1280517578125,0.9997379183769226,171.7887725830078,596.6438598632812,0.998602569103241,155.12086486816406,592.33056640625,0.9983856678009033,108.2541732788086,577.8714599609375,0.9797332286834717,128.9930877685547,553.8419189453125,0.9914092421531677,120.9185791015625,525.1030883789062,0.9744309186935425,4.055525779724121,495.6007080078125,0.019022557884454727,115.67328643798828,543.8043212890625,0.03308618441224098,114.86846923828125,579.1216430664062,0.02093234471976757,157.06153869628906,584.5324096679688,0.02765481546521187,171.0418701171875,595.8900756835938,0.05797656625509262,161.22540283203125,547.6544189453125,0.005951926112174988,123.08366394042969,519.0175170898438,0.004366416018456221,160.75241088867188,590.9920043945312,0.014947815798223019
83,233.09397888183594,580.5853271484375,0.9995055198669434,168.312255859375,551.0484619140625,0.9998090863227844,181.37014770507812,600.7779541015625,0.9982925057411194,164.61383056640625,594.34912109375,0.9981854557991028,116.1067123413086,575.6521606445312,0.9715637564659119,138.97315979003906,552.564453125,0.9848960638046265,128.04627990722656,524.5042114257812,0.9717446565628052,3.8589928150177,498.9183654785156,0.05401367321610451,129.27415466308594,545.513427734375,0.013140697963535786,123.77088165283203,578.4082641601562,0.04051212966442108,155.6997528076172,593.6607666015625,0.05247784033417702,182.28016662597656,600.7019653320312,0.04971398040652275,173.84056091308594,547.1767578125,0.006946851033717394,138.5179901123047,521.1841430664062,0.004319559782743454,175.34652709960938,601.2079467773438,0.02260369062423706
84,242.34449768066406,581.075927734375,0.9997957348823547,175.29759216308594,550.7518920898438,0.99991774559021,183.2433624267578,600.75732421875,0.9978641867637634,166.16453552246094,595.2735595703125,0.9986634254455566,119.1234359741211,574.3815307617188,0.9720778465270996,144.2168426513672,551.8156127929688,0.9908297061920166,134.66952514648438,523.5039672851562,0.9879240989685059,4.760589599609375,498.1441955566406,0.051904212683439255,0.9055049419403076,524.9800415039062,0.02224230393767357,125.25858306884766,576.8824462890625,0.03364178538322449,156.1996612548828,594.3323364257812,0.05240831896662712,182.38946533203125,601.1156005859375,0.030809754505753517,144.78465270996094,522.209716796875,0.007840421050786972,139.13514709472656,518.670654296875,0.005482622422277927,176.58087158203125,601.1393432617188,0.04542287439107895
85,253.16539001464844,579.755126953125,0.9994518160820007,186.02456665039062,549.5652465820312,0.9998821020126343,182.59852600097656,601.1869506835938,0.9980541467666626,166.84249877929688,594.3919677734375,0.9990552067756653,125.9005126953125,570.2033081054688,0.967430830001831,152.46707153320312,549.8251953125,0.9928405284881592,144.22702026367188,522.4575805664062,0.983661949634552,6.924663066864014,492.6455993652344,0.14653412997722626,1.1595268249511719,516.3150024414062,0.10278555750846863,4.799149513244629,533.368896484375,0.04315617308020592,156.5592803955078,593.8328857421875,0.04376998543739319,61.93482971191406,577.8425903320312,0.05605635046958923,256.5362243652344,582.505859375,0.007141469977796078,3.2524478435516357,577.1486206054688,0.009880032390356064,176.02304077148438,600.9155883789062,0.026207903400063515
86,260.7513427734375,581.7266235351562,0.9998261332511902,193.19805908203125,547.9905395507812,0.9999290704727173,183.0725555419922,601.144775390625,0.9983077049255371,166.91221618652344,593.9887084960938,0.9990353584289551,130.2107696533203,568.4066772460938,0.9799875020980835,158.5807647705078,549.426513671875,0.9922048449516296,150.4311981201172,519.2792358398438,0.986655592918396,15.541717529296875,490.5075988769531,0.7588478326797485,3.3775391578674316,515.29150390625,0.271227091550827,12.183065414428711,535.1742553710938,0.061136066913604736,154.64501953125,592.8663330078125,0.06065977364778519,181.2068634033203,600.6691284179688,0.023295700550079346,161.6752471923828,521.7901611328125,0.006994687952101231,3.573718309402466,575.3878173828125,0.00768194580450654,175.09686279296875,593.4654541015625,0.02090095914900303
87,271.1302490234375,580.7715454101562,0.9994956254959106,204.4205780029297,547.2649536132812,0.9998565912246704,182.9852294921875,600.8941040039062,0.9984368681907654,167.8340606689453,592.1940307617188,0.9986149072647095,134.8115997314453,564.2757568359375,0.9739053249359131,166.23036193847656,546.2998657226562,0.9951815009117126,158.60130310058594,515.3184204101562,0.9887533187866211,18.338665008544922,488.3490295410156,0.5178105235099792,4.332825183868408,515.0708618164062,0.11201488226652145,42.267822265625,537.275390625,0.02817615680396557,22.873088836669922,569.7559814453125,0.05164419114589691,203.83668518066406,537.9022216796875,0.034875549376010895,273.55816650390625,582.649658203125,0.006123799365013838,4.102194309234619,574.57373046875,0.012534959241747856,175.95660400390625,593.2047119140625,0.031563736498355865
88,279.1732482910156,579.2125854492188,0.9998526573181152,213.5614471435547,546.1925659179688,0.9998607635498047,183.72372436523438,600.398193359375,0.9983940720558167,169.321044921875,591.1239013671875,0.9989689588546753,143.64215087890625,560.4131469726562,0.9690938591957092,175.87030029296875,544.9260864257812,0.9896330833435059,166.63790893554688,514.5676879882812,0.9879811406135559,26.280550003051758,491.6866760253906,0.44476068019866943,6.07206916809082,516.153076171875,0.17595535516738892,48.27117156982422,543.8154907226562,0.09201329946517944,29.21808624267578,571.6527709960938,0.18259195983409882,50.006317138671875,582.904296875,0.03958875313401222,0.6808388233184814,525.2242431640625,0.005634901579469442,2.287080764770508,562.721923828125,0.00965828262269497,176.51499938964844,591.2909545898438,0.02091173455119133
89,289.07391357421875,580.2300415039062,0.9998375177383423,222.63711547851562,545.5037231445312,0.9998120665550232,184.2973175048828,601.1021728515625,0.9973324537277222,170.5038604736328,591.56201171875,0.9983943104743958,153.91119384765625,558.28125,0.9663512110710144,182.90203857421875,543.3782958984375,0.9924365878105164,173.4190673828125,512.7991333007812,0.9869153499603271,23.70745086669922,491.662841796875,0.4244363605976105,3.5505471229553223,522.9544067382812,0.21778477728366852,49.89851379394531,540.919921875,0.19356584548950195,27.980012893676758,570.4597778320312,0.32619979977607727,183.16015625,601.4329833984375,0.13160286843776703,293.5325622558594,584.9729614257812,0.004281270783394575,3.7478461265563965,577.0424194335938,0.00780090456828475,176.38136291503906,591.8697509765625,0.007647578604519367
90,295.6388244628906,580.3057250976562,0.9997125267982483,231.49620056152344,546.0008544921875,0.9997557997703552,184.76669311523438,601.7853393554688,0.9979051351547241,170.77786254882812,591.5941772460938,0.9990772008895874,162.97714233398438,558.6246948242188,0.9770941138267517,190.03912353515625,542.9269409179688,0.9787620306015015,178.7046356201172,514.52734375,0.9882152080535889,27.451435089111328,493.7445373535156,0.29725849628448486,6.008362770080566,521.9317626953125,0.103042833507061,63.7833366394043,546.1812744140625,0.6639786958694458,31.622562408447266,575.0093383789062,0.13911567628383636,47.78813552856445,581.1008911132812,0.13130329549312592,6.172740936279297,568.78759765625,0.004379778169095516,3.525836706161499,574.160400390625,0.022968819364905357,-0.6536564826965332,489.7969665527344,0.009737313725054264
91,303.693603515625,582.06884765625,0.9995375871658325,237.36940002441406,547.2841796875,0.9997861981391907,185.13339233398438,601.6348876953125,0.9979767203330994,170.83419799804688,592.0066528320312,0.9994599223136902,164.97938537597656,558.7151489257812,0.9875220656394958,193.6068878173828,543.8416137695312,0.9920346140861511,182.5208282470703,515.9885864257812,0.9917253255844116,29.499767303466797,496.4090881347656,0.8576018214225769,11.358881950378418,521.6380004882812,0.713783323764801,37.8365364074707,539.26953125,0.9214855432510376,30.410070419311523,576.5034790039062,0.5295487642288208,75.74596405029297,586.2161865234375,0.8556786775588989,0.23444724082946777,570.4835205078125,0.016799723729491234,2.640899658203125,503.9419250488281,0.014742238447070122,0.5957822799682617,505.90911865234375,0.01789112575352192
92,309.3304443359375,582.940673828125,0.9998704195022583,243.05572509765625,546.3355102539062,0.9998841285705566,184.71328735351562,602.268798828125,0.9980284571647644,171.0899200439453,592.60546875,0.9993035793304443,168.00668334960938,558.09619140625,0.9819214344024658,197.21360778808594,544.2054443359375,0.9859230518341064,186.5761260986328,514.7569580078125,0.9846091270446777,36.5535888671875,499.7507629394531,0.9844239354133606,21.262849807739258,525.796142578125,0.9905170798301697,47.42144012451172,546.0435180664062,0.9957083463668823,4.510402202606201,563.1614379882812,0.9898712038993835,38.86039733886719,587.2498168945312,0.9968799352645874,2.685032367706299,566.42724609375,0.08405783772468567,1.2385947704315186,568.2039184570312,0.012364199385046959,2.03120756149292,505.9317932128906,0.011441176757216454
93,317.6507873535156,583.6864624023438,0.9988546371459961,250.42015075683594,547.00830078125,0.9998329877853394,185.1263885498047,602.0640869140625,0.9973207116127014,171.00802612304688,591.5852661132812,0.999370276927948,171.30291748046875,556.6551513671875,0.9778246283531189,200.8103485107422,543.3255004882812,0.9820658564567566,189.56480407714844,514.6506958007812,0.9905582666397095,42.24322509765625,503.7046813964844,0.9919173121452332,28.859119415283203,530.9597778320312,0.9711264967918396,57.27672576904297,553.3618774414062,0.9836896061897278,26.026342391967773,580.2756958007812,0.9934378266334534,69.63524627685547,587.6921997070312,0.997643768787384,-0.7190179824829102,523.1983032226562,0.03049725852906704,42.8984489440918,490.9049072265625,0.009469298645853996,63.39457702636719,589.7765502929688,0.01060265488922596
94,323.0328369140625,584.7208251953125,0.999736487865448,254.843017578125,546.3738403320312,0.9997989535331726,184.58148193359375,602.0379028320312,0.9974477291107178,171.5087127685547,591.5885620117188,0.9994015693664551,177.35394287109375,556.4228515625,0.9893484115600586,207.4641571044922,542.9189453125,0.9799312949180603,194.76182556152344,514.3783569335938,0.9898249506950378,47.75456619262695,505.5277099609375,0.9916254878044128,34.49001693725586,534.6406860351562,0.9935476183891296,63.39857482910156,555.0804443359375,0.9870632290840149,39.566158294677734,583.7356567382812,0.980176568031311,84.35914611816406,591.7704467773438,0.9945352077484131,-0.9603018760681152,538.7625122070312,0.030866282060742378,43.74225997924805,491.8937683105469,0.00875660590827465,44.40591812133789,504.22015380859375,0.013146543875336647
95,328.6082458496094,584.5028686523438,0.9989303946495056,260.47308349609375,546.8075561523438,0.999853253364563,184.0164794921875,600.9319458007812,0.9972896575927734,171.30340576171875,589.8704833984375,0.9990973472595215,182.00320434570312,556.1133422851562,0.9815529584884644,211.80665588378906,544.1442260742188,0.9725605249404907,200.26705932617188,515.0029907226562,0.9830801486968994,56.6679801940918,504.727783203125,0.9928915500640869,41.42819595336914,534.104248046875,0.9896882176399231,72.2837905883789,552.2659912109375,0.9881877303123474,54.18535232543945,585.3257446289062,0.9884308576583862,96.02912139892578,590.7865600585938,0.988937258720398,0.8493106365203857,537.6594848632812,0.16018250584602356,58.59027099609375,491.4937438964844,0.01032994594424963,2.720299243927002,532.9915161132812,0.009842325001955032
96,335.98944091796875,583.7687377929688,0.999284565448761,267.3223571777344,547.5403442382812,0.9998331069946289,184.05133056640625,600.6217651367188,0.9967238306999207,172.2161102294922,588.5641479492188,0.9979608058929443,185.40614318847656,554.99658203125,0.9788080453872681,217.2133331298828,543.8192749023438,0.965461790561676,206.77288818359375,513.7747192382812,0.9882453680038452,62.56486892700195,504.0322265625,0.9962074756622314,46.92538833618164,532.5459594726562,0.9935576319694519,77.3669662475586,551.4713745117188,0.9904353618621826,56.320899963378906,583.4829711914062,0.9860295653343201,102.48504638671875,587.110595703125,0.9927552342414856,1.3810808658599854,522.3593139648438,0.7631794214248657,60.23442840576172,490.3182373046875,0.015553493984043598,1.559311866760254,527.286376953125,0.012591621838510036
97,343.5259094238281,584.0383911132812,0.9993698000907898,272.4028625488281,547.573486328125,0.9998618364334106,184.09083557128906,599.02099609375,0.9975408315658569,173.91722106933594,587.839599609375,0.9973703622817993,190.32168579101562,554.5802001953125,0.9803984761238098,222.996826171875,544.550048828125,0.9648367166519165,211.29336547851562,514.4925537109375,0.9868825078010559,69.35424041748047,499.9896240234375,0.993985116481781,54.537864685058594,528.6280517578125,0.9894038438796997,86.15796661376953,546.0584106445312,0.9959372282028198,69.26348876953125,581.6959838867188,0.9958038926124573,113.20518493652344,584.7642822265625,0.9865540862083435,0.9293537139892578,518.0062866210938,0.9770472049713135,73.17525482177734,488.8595886230469,0.007150154560804367,3.8541109561920166,517.553466796875,0.012365415692329407
98,350.5177001953125,584.4855346679688,0.9983397722244263,280.1080627441406,548.2936401367188,0.9996888637542725,183.32740783691406,599.5957641601562,0.9972904920578003,173.7102813720703,586.8529663085938,0.9962635636329651,195.5328369140625,554.2588500976562,0.988166868686676,227.37095642089844,545.5213623046875,0.962000846862793,220.4549560546875,513.5031127929688,0.9818889498710632,78.24420166015625,496.4158935546875,0.989493727684021,60.96578598022461,527.0304565429688,0.9781200289726257,96.6837387084961,541.9063110351562,0.9862237572669983,85.96319580078125,582.466064453125,0.9965331554412842,129.2967987060547,584.7396240234375,0.9900550842285156,8.739416122436523,511.25250244140625,0.9990382194519043,161.1024627685547,592.5197143554688,0.022757284343242645,7.153627395629883,512.1302490234375,0.00927793513983488
99,357.81048583984375,585.300537109375,0.9997885823249817,287.1344299316406,547.8868408203125,0.9998629093170166,183.48716735839844,599.6996459960938,0.9971545934677124,177.7007598876953,585.6841430664062,0.9981014132499695,200.04978942871094,554.0647583007812,0.9852095246315002,232.04139709472656,544.8709106445312,0.9642490744590759,224.7498321533203,514.0352172851562,0.9821734428405762,87.40970611572266,492.11328125,0.9891803860664368,75.01599884033203,523.5548706054688,0.9908586144447327,110.08544158935547,538.2695922851562,0.9704710245132446,102.84383392333984,582.5601196289062,0.9977454543113708,145.18963623046875,589.126953125,0.9877911806106567,16.79974937438965,508.2712707519531,0.999622106552124,5.063027381896973,508.11846923828125,0.020520033314824104,9.789403915405273,509.8988037109375,0.009601196274161339
100,366.0875549316406,588.3928833007812,0.9987151622772217,296.1490783691406,548.8631591796875,0.9996933937072754,183.5953369140625,597.7386474609375,0.9975243210792542,182.50572204589844,583.185791015625,0.997046172618866,208.69956970214844,551.251708984375,0.9806879758834839,241.63955688476562,544.8759765625,0.977880597114563,236.25015258789062,512.2821044921875,0.989343523979187,99.72746276855469,489.5535583496094,0.9891719222068787,84.03203582763672,520.6806030273438,0.9933724403381348,120.6895751953125,536.77587890625,0.9874853491783142,118.84760284423828,581.033447265625,0.998310923576355,160.65518188476562,593.832275390625,0.9972557425498962,30.357566833496094,506.046630859375,0.9990058541297913,1.8557517528533936,505.4424743652344,0.009903926402330399,93.59857177734375,488.0957336425781,0.009499377571046352
101,374.8203430175781,589.7777709960938,0.9996198415756226,305.4556579589844,549.960205078125,0.9998134970664978,186.59217834472656,597.6923828125,0.9979436993598938,190.28306579589844,581.3312377929688,0.9923539161682129,214.3225555419922,551.2297973632812,0.9881872534751892,246.06637573242188,545.0429077148438,0.9638283848762512,241.67864990234375,512.1393432617188,0.9808063507080078,108.9051284790039,490.0518493652344,0.990711510181427,94.66009521484375,518.6242065429688,0.986820638179779,129.56521606445312,536.2429809570312,0.9908163547515869,129.07260131835938,578.1680908203125,0.9991881251335144,159.07437133789062,596.6388549804688,0.9980829954147339,39.99122619628906,503.61590576171875,0.998755693435669,108.18273162841797,476.09893798828125,0.008320257999002934,109.79198455810547,488.8383483886719,0.00981131847947836
102,387.8507385253906,589.465576171875,0.9997120499610901,316.9666748046875,552.7669677734375,0.999176561832428,199.31005859375,593.5252075195312,0.9987321496009827,208.46902465820312,579.4404296875,0.9975513815879822,226.49754333496094,548.2032470703125,0.9897596836090088,257.93621826171875,542.9652099609375,0.9421091675758362,254.7156524658203,511.6217346191406,0.9779086709022522,119.34429931640625,488.8431396484375,0.9922720193862915,104.47095489501953,517.54052734375,0.9915333390235901,138.71339416503906,535.299560546875,0.9928699135780334,134.49148559570312,577.1746826171875,0.998867392539978,160.4767303466797,596.8504028320312,0.9991719722747803,50.19666290283203,502.2850036621094,0.9998743534088135,-2.3396553993225098,458.8554382324219,0.024145932868123055,256.76416015625,535.4317016601562,0.012080599553883076
103,398.9359130859375,589.58837890625,0.9993496537208557,328.73187255859375,554.804443359375,0.9986476302146912,224.06143188476562,596.5464477539062,0.9991758465766907,239.78793334960938,585.1138305664062,0.9933331608772278,242.6443328857422,549.3623046875,0.9935362935066223,274.295166015625,542.4691162109375,0.9834862947463989,265.9836730957031,514.4737548828125,0.9887832999229431,128.2198486328125,489.8840026855469,0.9892594814300537,113.47318267822266,518.1258544921875,0.9945270419120789,147.79507446289062,539.0795288085938,0.9907183051109314,136.35513305664062,577.706298828125,0.9986698627471924,162.27468872070312,597.8185424804688,0.9990818500518799,60.51820373535156,501.0048522949219,0.9995445609092712,-2.8984479904174805,450.5303649902344,0.03925091773271561,124.99503326416016,488.8345642089844,0.01035334262996912
104,408.91094970703125,589.4267578125,0.9994847774505615,340.01580810546875,555.650634765625,0.9996495246887207,262.0397644042969,602.0254516601562,0.9979196190834045,271.58367919921875,590.2582397460938,0.9756112694740295,257.99896240234375,555.75341796875,0.9948335886001587,285.62689208984375,544.1348876953125,0.9802655577659607,275.9215393066406,517.7572021484375,0.9927704930305481,139.01596069335938,490.548828125,0.994920551776886,122.00296783447266,519.2360229492188,0.9930197596549988,152.75439453125,542.005615234375,0.9848657846450806,136.60470581054688,577.702392578125,0.9988503456115723,163.1524200439453,597.5874633789062,0.9992395639419556,68.76766204833984,500.88018798828125,0.9997934699058533,-0.6638164520263672,445.9481201171875,0.0627870038151741,65.25544738769531,577.0968017578125,0.022493531927466393
105,418.3021545410156,589.170654296875,0.9996790885925293,351.26007080078125,556.0919799804688,0.9996054768562317,291.239013671875,599.6553955078125,0.9987543821334839,292.4717102050781,582.7666015625,0.990633487701416,266.79998779296875,557.6138916015625,0.9746209383010864,298.25604248046875,545.8679809570312,0.9890056252479553,288.79736328125,517.77490234375,0.9913444519042969,148.33700561523438,494.7224426269531,0.9867245554924011,131.7801055908203,521.8767700195312,0.9901864528656006,159.02560424804688,549.2280883789062,0.9841285943984985,136.73651123046875,577.5272827148438,0.9989290833473206,163.26724243164062,597.6651000976562,0.9992687106132507,78.8061752319336,502.1995849609375,0.9990278482437134,0.7830440998077393,445.1361389160156,0.07615214586257935,303.5717468261719,554.8272094726562,0.006619354709982872
106,427.8067626953125,589.4347534179688,0.9992753863334656,361.0943298339844,555.6898193359375,0.9993353486061096,316.1752014160156,597.6901245117188,0.9969185590744019,310.7787780761719,582.3174438476562,0.9561640620231628,278.7125244140625,559.898193359375,0.9889495372772217,310.39501953125,546.49755859375,0.9927583932876587,302.75238037109375,519.1210327148438,0.9866892695426941,154.06675720214844,496.6804504394531,0.9894618391990662,138.19390869140625,524.9843139648438,0.9929351210594177,162.21737670898438,550.9059448242188,0.9967085123062134,139.37428283691406,578.6311645507812,0.9980663657188416,163.72012329101562,597.793212890625,0.9982971549034119,87.28290557861328,504.9835510253906,0.9988419413566589,2.069019317626953,445.22515869140625,0.08799461275339127,-2.3846006393432617,445.2725830078125,0.01032162830233574
107,435.6268615722656,588.1668701171875,0.9997950196266174,370.4269714355469,554.6685791015625,0.9998152852058411,338.76190185546875,597.8662719726562,0.9863755106925964,325.80926513671875,583.017822265625,0.8603411912918091,290.6386413574219,561.9678955078125,0.9882633686065674,321.973876953125,547.9266967773438,0.9924501180648804,313.535888671875,520.0722045898438,0.984718918800354,161.37815856933594,499.1614990234375,0.9858677983283997,143.88087463378906,525.731689453125,0.9917038679122925,167.7312469482422,554.8785400390625,0.9916709661483765,138.1419677734375,578.263916015625,0.9989537000656128,163.74208068847656,598.0570678710938,0.9988517761230469,95.69773864746094,507.73712158203125,0.9974721074104309,2.950272560119629,447.35284423828125,0.1743571162223816,-1.4518675804138184,445.18878173828125,0.018328625708818436
108,445.65716552734375,586.1563720703125,0.9993532299995422,381.6251525878906,553.6689453125,0.9995337724685669,366.03424072265625,592.75927734375,0.9851731061935425,351.71820068359375,584.8285522460938,0.8556966185569763,302.8963928222656,562.3006591796875,0.985913872718811,333.9468688964844,548.880126953125,0.9841840267181396,323.7146301269531,521.2218017578125,0.99210125207901,167.56076049804688,499.4131164550781,0.9915424585342407,150.9320526123047,527.3411254882812,0.9944272041320801,172.31942749023438,556.6284790039062,0.979076623916626,138.77944946289062,576.2206420898438,0.9990572333335876,163.09759521484375,599.2450561523438,0.9983161687850952,104.42850494384766,509.5179138183594,0.9980835914611816,5.926065921783447,448.1123962402344,0.5147274136543274,-0.19875764846801758,444.1360168457031,0.04292534291744232
109,454.13555908203125,584.8605346679688,0.9997673630714417,390.7815856933594,552.074462890625,0.9994648098945618,383.8299560546875,591.3524169921875,0.9961369633674622,366.1812744140625,585.240234375,0.985901951789856,318.80731201171875,568.9130859375,0.9891613125801086,347.8908996582031,551.5023193359375,0.9864932894706726,336.49957275390625,522.1152954101562,0.9926860332489014,177.6807861328125,500.47784423828125,0.9834014177322388,158.04550170898438,529.2631225585938,0.9924713373184204,176.68359375,561.13232421875,0.9941548705101013,138.0407257080078,573.0147705078125,0.9982684850692749,161.2607421875,599.43505859375,0.9975377321243286,113.30530548095703,509.8486022949219,0.9991156458854675,12.56926155090332,448.490478515625,0.8015277981758118,0.8329589366912842,442.98565673828125,0.05472804605960846
110,462.5238037109375,583.663818359375,0.9995980858802795,399.4312744140625,550.2797241210938,0.9999210834503174,402.2623596191406,591.2049560546875,0.9989067316055298,383.8426208496094,586.9085693359375,0.9960771203041077,337.77362060546875,570.0574340820312,0.9841538071632385,363.7597961425781,550.4415893554688,0.9907696843147278,351.2614440917969,522.0260620117188,0.9872143268585205,187.52694702148438,499.25946044921875,0.9892282485961914,165.1421356201172,527.7352905273438,0.9944827556610107,178.6932830810547,563.9822998046875,0.9958164095878601,140.74642944335938,570.0137329101562,0.9981156587600708,160.61476135253906,599.2987060546875,0.9976925849914551,122.85027313232422,510.703125,0.9989855885505676,22.6982421875,449.96124267578125,0.7460299134254456,1.8714661598205566,440.7584228515625,0.05878547206521034
111,471.919189453125,581.6842041015625,0.9997667670249939,410.70916748046875,549.5143432617188,0.9999233484268188,419.3713073730469,592.1674194335938,0.9992470741271973,400.4815368652344,588.428955078125,0.9963514804840088,351.6833190917969,570.8232421875,0.9875344038009644,377.5228576660156,550.3110961914062,0.9927196502685547,364.45440673828125,520.6970825195312,0.9891164898872375,195.20164489746094,496.955322265625,0.983237087726593,172.3916778564453,528.1280517578125,0.9911248087882996,185.5694122314453,563.3078002929688,0.9916497468948364,143.2263946533203,566.8440551757812,0.9990202188491821,160.5049591064453,598.507080078125,0.9980664849281311,130.95689392089844,510.4979248046875,0.9996465444564819,19.86920738220215,442.84716796875,0.8170019388198853,3.1388208866119385,439.93408203125,0.03556698560714722
112,481.2405090332031,581.2777099609375,0.9998799562454224,419.1116943359375,547.5183715820312,0.9999512434005737,432.5770568847656,593.71630859375,0.9988524913787842,413.0010681152344,589.59130859375,0.9937548637390137,365.5571594238281,571.7854614257812,0.9827964305877686,388.675537109375,548.4210815429688,0.9962837100028992,376.45208740234375,519.7076416015625,0.983540952205658,203.09185791015625,496.0477600097656,0.9873851537704468,180.95388793945312,525.3678588867188,0.9895420074462891,190.16725158691406,561.7426147460938,0.9851171970367432,145.57395935058594,563.357421875,0.9993182420730591,159.9717254638672,597.078369140625,0.9984410405158997,140.61448669433594,511.84124755859375,0.9988921284675598,28.081247329711914,441.94732666015625,0.8125022649765015,419.2143859863281,589.4541015625,0.03729049488902092
113,491.6552429199219,580.6710205078125,0.9995132684707642,429.2168273925781,546.3283081054688,0.9999078512191772,444.5294189453125,595.2581787109375,0.9985005855560303,426.9358825683594,590.9074096679688,0.9967867136001587,377.4032287597656,571.3924560546875,0.9826557636260986,398.9805908203125,548.1643676757812,0.9906017780303955,385.5263977050781,517.7617797851562,0.9916621446609497,210.23193359375,494.2218322753906,0.9875961542129517,189.99240112304688,525.6759033203125,0.9912214279174805,194.40499877929688,561.2251586914062,0.9939268231391907,149.11244201660156,560.786865234375,0.9990129470825195,161.2379913330078,596.3655395507812,0.9990265369415283,150.48870849609375,511.8398742675781,0.9996827840805054,35.27750015258789,443.6364440917969,0.8231715559959412,433.842529296875,590.485595703125,0.03417181223630905
114,499.0286865234375,582.7654418945312,0.9999140501022339,438.9749450683594,545.7984619140625,0.9997701048851013,454.4454345703125,597.2384033203125,0.9984948635101318,436.7939147949219,591.7633666992188,0.9982415437698364,387.4983825683594,569.7584838867188,0.9829649329185486,410.21710205078125,546.8980102539062,0.9948133230209351,398.2557373046875,516.473876953125,0.9933833479881287,219.79591369628906,493.0448303222656,0.9757763743400574,199.0496368408203,521.8209838867188,0.9903724193572998,202.8262176513672,558.0007934570312,0.9664943218231201,154.29563903808594,559.1467895507812,0.9989311099052429,161.41738891601562,596.4742431640625,0.9991756081581116,158.79151916503906,511.30963134765625,0.9992269277572632,49.166908264160156,445.9271545410156,0.8351258635520935,2.9374494552612305,425.3867492675781,0.037510890513658524
115,509.58172607421875,581.5140380859375,0.9996198415756226,447.5869140625,545.8689575195312,0.9999432563781738,455.87408447265625,602.9228515625,0.9952606558799744,440.5714111328125,593.1907958984375,0.9976961016654968,396.35369873046875,570.7123413085938,0.9783483147621155,417.7932434082031,546.547119140625,0.9945065379142761,405.6839904785156,516.6881713867188,0.9890350103378296,225.981201171875,491.08245849609375,0.9731239676475525,206.74191284179688,521.76953125,0.9839365482330322,206.7672576904297,555.6417236328125,0.9843835830688477,159.98672485351562,555.332763671875,0.9989296793937683,161.6140594482422,595.83740234375,0.9990764856338501,167.8773956298828,510.0998229980469,0.9992408752441406,52.01900100708008,444.305419921875,0.8489883542060852,3.485872507095337,425.1936340332031,0.02930622734129429
116,518.2460327148438,583.0206298828125,0.9999253749847412,458.0166320800781,544.5570678710938,0.9998608827590942,457.5494079589844,603.2123413085938,0.9962121248245239,443.3479919433594,593.7034301757812,0.9983616471290588,399.8270263671875,566.8013305664062,0.985750675201416,425.3896179199219,546.63525390625,0.9937844276428223,413.3384094238281,516.0770263671875,0.9927105903625488,235.49758911132812,490.6517333984375,0.96906977891922,215.68629455566406,518.7739868164062,0.9900315999984741,218.96615600585938,553.8793334960938,0.9768036603927612,170.11328125,551.8232421875,0.9986265897750854,166.46885681152344,592.4193115234375,0.9977007508277893,177.36534118652344,508.282470703125,0.9989896416664124,60.62868881225586,448.139404296875,0.7718873620033264,2.75616717338562,424.9759521484375,0.029073886573314667
117,528.3649291992188,583.483642578125,0.9996612071990967,466.25311279296875,545.29931640625,0.9999233484268188,457.4779052734375,602.544677734375,0.9951010346412659,442.5982971191406,592.6692504882812,0.9981087446212769,404.7786865234375,564.4716796875,0.9917749166488647,432.5562438964844,545.2290649414062,0.9929803013801575,421.19549560546875,515.9598999023438,0.993252694606781,243.55209350585938,491.3751220703125,0.9853964447975159,222.95150756835938,516.6057739257812,0.9933009147644043,225.82774353027344,550.9829711914062,0.9956966638565063,184.71087646484375,543.3602905273438,0.9989240765571594,173.6402587890625,583.7616577148438,0.9979521632194519,184.0573272705078,506.9460144042969,0.9993566870689392,71.2881088256836,449.3731689453125,0.7482861876487732,2.6651248931884766,424.6701354980469,0.030103616416454315
118,535.9531860351562,584.0840454101562,0.9993168115615845,476.2442626953125,546.2340087890625,0.999908447265625,456.5116271972656,603.3572387695312,0.9956735968589783,443.0465087890625,593.466796875,0.9966555833816528,409.233154296875,560.4073486328125,0.9825578331947327,438.1859130859375,543.7277221679688,0.9942325949668884,424.8390808105469,514.3390502929688,0.9918549060821533,266.1284484863281,488.796142578125,0.9739241003990173,242.7834014892578,513.7359008789062,0.987360417842865,244.8707275390625,545.5878295898438,0.989250898361206,203.45176696777344,535.6763305664062,0.9975031018257141,194.340087890625,576.74853515625,0.9991381168365479,192.0812225341797,505.50323486328125,0.999330997467041,74.34471893310547,449.7209777832031,0.8101228475570679,3.1548233032226562,424.28997802734375,0.03733374923467636
119,546.05908203125,584.8284912109375,0.9996678829193115,484.1630554199219,548.6802978515625,0.9999266862869263,458.31854248046875,603.8269653320312,0.9959341287612915,443.4609375,594.4759521484375,0.9978026747703552,418.4859619140625,562.1971435546875,0.9870297312736511,445.4972229003906,546.4349365234375,0.9891476631164551,433.186767578125,517.2235107421875,0.9894847273826599,273.4158630371094,491.9010009765625,0.9946160912513733,254.60000610351562,517.6555786132812,0.9928305745124817,280.3001403808594,538.5465698242188,0.9693844318389893,224.69512939453125,539.2642822265625,0.9849352836608887,227.67056274414062,582.3667602539062,0.9870478510856628,198.47996520996094,507.9565124511719,0.9995725750923157,84.63638305664062,451.6005554199219,0.8455623984336853,4.147300720214844,419.4339294433594,0.05436210706830025
120,555.7739868164062,585.8402709960938,0.9987776875495911,493.0497741699219,550.3922729492188,0.9997419714927673,459.0362854003906,604.0822143554688,0.9957798719406128,443.97857666015625,594.0562744140625,0.9985835552215576,420.9555358886719,561.7479858398438,0.9950076341629028,450.0964660644531,546.6201171875,0.9918000102043152,437.0361633300781,517.4534301757812,0.9926168322563171,279.4854431152344,493.5932922363281,0.9925705790519714,263.0502624511719,521.4122924804688,0.9897436499595642,294.8704528808594,540.7600708007812,0.9939760565757751,247.0936279296875,557.6930541992188,0.9955726861953735,281.7010498046875,591.3860473632812,0.9891045093536377,205.58349609375,510.8408508300781,0.9987244009971619,87.89274597167969,451.6390380859375,0.8445411920547485,3.552401304244995,418.0691223144531,0.03836195543408394
121,563.7047119140625,587.0588989257812,0.9996962547302246,500.3936767578125,550.1118774414062,0.9998866319656372,461.83123779296875,604.14111328125,0.9967321157455444,446.6611633300781,596.201904296875,0.9985812902450562,426.7964172363281,560.8180541992188,0.9889049530029297,455.5899963378906,545.7723388671875,0.9926667809486389,443.2406005859375,516.7965087890625,0.9915642738342285,285.67486572265625,497.364013671875,0.9892768859863281,272.5549011230469,525.3858032226562,0.9915580749511719,304.5907897949219,544.0506591796875,0.9933266639709473,267.2655944824219,575.118896484375,0.9948545694351196,309.8110046386719,591.5654907226562,0.9622591733932495,213.21934509277344,513.9429931640625,0.9998883008956909,92.1412353515625,452.9189147949219,0.8525111079216003,3.3171920776367188,418.5023193359375,0.04697299748659134
122,572.029296875,588.531494140625,0.9990880489349365,509.3865051269531,551.0598754882812,0.9996569156646729,462.49725341796875,604.3849487304688,0.995290994644165,447.7429504394531,597.968017578125,0.9978799819946289,434.9632873535156,561.1403198242188,0.9825894832611084,465.03857421875,546.384765625,0.9912095069885254,452.68865966796875,517.2252197265625,0.9921628832817078,292.92230224609375,501.26434326171875,0.9915101528167725,279.2544860839844,527.994873046875,0.9931929707527161,315.1373291015625,547.148681640625,0.9942743182182312,282.92779541015625,580.5830078125,0.9922751784324646,327.0498046875,592.7268676757812,0.9915110468864441,222.95559692382812,517.6716918945312,0.9994866847991943,101.6043701171875,454.23162841796875,0.8597792387008667,3.2865891456604004,418.6504821777344,0.03950415179133415
123,581.0353393554688,588.1145629882812,0.9998018145561218,517.6430053710938,552.1127319335938,0.9995825886726379,460.1286926269531,604.8079223632812,0.9923155307769775,447.2650146484375,596.2214965820312,0.9989475607872009,444.13519287109375,561.2431640625,0.9761408567428589,472.3607177734375,547.0473022460938,0.99038165807724,461.17315673828125,518.2413940429688,0.9917507767677307,303.9759216308594,501.8245544433594,0.9872685074806213,287.81414794921875,530.7395629882812,0.9913415312767029,324.045166015625,547.467529296875,0.9967254400253296,298.52911376953125,582.6968383789062,0.997832715511322,342.6709289550781,592.9579467773438,0.9940908551216125,230.88772583007812,520.0724487304688,0.9996296167373657,109.43374633789062,454.2855529785156,0.8895482420921326,3.6229758262634277,416.9246826171875,0.06297142803668976
124,591.1045532226562,589.2233276367188,0.9990788698196411,527.7817993164062,552.5877075195312,0.9997597336769104,462.2093505859375,604.9104614257812,0.9965991377830505,446.1806640625,596.154541015625,0.9990662932395935,451.8934326171875,558.8689575195312,0.9839093089103699,482.7567138671875,547.1990356445312,0.9935494065284729,470.4717712402344,518.5927124023438,0.9881359338760376,313.3489685058594,502.4643249511719,0.9891502261161804,296.3545837402344,531.2044067382812,0.9924973249435425,334.1247253417969,546.288818359375,0.9926146268844604,306.9183349609375,583.9142456054688,0.9979894161224365,353.50067138671875,592.241455078125,0.9857621192932129,240.0943603515625,520.2323608398438,0.9996216297149658,118.19829559326172,452.9650573730469,0.9245707392692566,2.2619118690490723,412.91754150390625,0.11921174079179764
125,600.0519409179688,587.1329345703125,0.9988866448402405,536.070068359375,553.3200073242188,0.9994978904724121,462.406494140625,604.5123291015625,0.9980748891830444,446.8413391113281,595.4107055664062,0.9993017911911011,458.8663635253906,559.4732055664062,0.9725004434585571,490.3479309082031,546.6395874023438,0.986916184425354,479.6810607910156,517.8135986328125,0.9870201349258423,318.69793701171875,503.1429748535156,0.9902258515357971,302.92083740234375,530.498779296875,0.991393506526947,339.2060852050781,544.7257690429688,0.9939881563186646,319.4022216796875,583.38427734375,0.9981763362884521,360.4590759277344,588.57470703125,0.9912761449813843,250.56109619140625,519.5341796875,0.9991225600242615,124.71805572509766,449.9074401855469,0.9494602680206299,1.733872890472412,408.6474914550781,0.08853499591350555
126,612.193359375,586.3963623046875,0.9997757077217102,545.8959350585938,552.89794921875,0.9998156428337097,461.32891845703125,604.6417236328125,0.9968920350074768,447.99822998046875,593.0719604492188,0.999616265296936,468.1866455078125,559.3291625976562,0.9849684834480286,500.046875,547.7902221679688,0.991517961025238,488.5277099609375,518.1290283203125,0.9850472211837769,331.5707702636719,500.7983703613281,0.9935646653175354,314.97857666015625,528.744873046875,0.9830044507980347,351.30316162109375,543.0332641601562,0.9829791188240051,330.81884765625,583.84521484375,0.9951877593994141,374.8792419433594,587.36669921875,0.9958761930465698,260.1389465332031,518.4373168945312,0.9999219179153442,137.4945068359375,446.7356262207031,0.9111843109130859,1.90525484085083,397.84027099609375,0.09718362987041473
127,621.8136596679688,584.8096923828125,0.9991779923439026,554.2175903320312,551.8062744140625,0.9996727705001831,460.95147705078125,604.0171508789062,0.998161256313324,449.1475830078125,590.70849609375,0.9995319843292236,474.3017272949219,559.2561645507812,0.9698593020439148,507.59625244140625,547.2036743164062,0.9539855718612671,497.914794921875,516.8138427734375,0.9898786544799805,343.0880126953125,498.80224609375,0.9826274514198303,327.8428039550781,527.5944213867188,0.9614394307136536,365.2683410644531,542.3392333984375,0.9853555560112,352.5674743652344,584.5416259765625,0.9873292446136475,394.99700927734375,588.3464965820312,0.992771565914154,270.96234130859375,517.860595703125,0.9996459484100342,146.95420837402344,442.1737060546875,0.9255521893501282,4.85259485244751,392.8475036621094,0.4420218765735626
128,629.7728271484375,584.8447265625,0.9997484087944031,564.1475830078125,550.9323120117188,0.9997848868370056,461.8848571777344,603.67431640625,0.996063768863678,451.9902038574219,590.673095703125,0.9994288086891174,479.75048828125,558.400390625,0.9591167569160461,518.0321044921875,547.4527587890625,0.9497269988059998,508.4005432128906,515.7511596679688,0.9809908866882324,355.27130126953125,496.18768310546875,0.967638373374939,341.2591247558594,526.1416015625,0.9402015805244446,380.6759338378906,540.967529296875,0.9756202101707458,374.20855712890625,586.9173583984375,0.9915125966072083,413.42333984375,591.916748046875,0.9990147352218628,281.6973571777344,518.3922119140625,0.9992882609367371,162.508544921875,444.1732177734375,0.9616154432296753,15.942909240722656,386.00946044921875,0.9948260188102722
129,639.4857177734375,584.7908325195312,0.9995540976524353,574.1736450195312,551.2750854492188,0.9996774196624756,459.02630615234375,602.3821411132812,0.9956388473510742,455.0845642089844,587.8718872070312,0.9947847723960876,486.8458557128906,555.484130859375,0.9865390658378601,526.9708251953125,548.5679931640625,0.9209371209144592,516.6091918945312,516.5750122070312,0.9915000796318054,366.3078308105469,492.44891357421875,0.9825452566146851,351.2113952636719,523.139404296875,0.9503341317176819,391.0918273925781,537.1090698242188,0.9861319065093994,388.1321105957031,583.6774291992188,0.9926556348800659,432.0724792480469,594.0805053710938,0.9970921277999878,290.7900390625,517.1253662109375,0.9999475479125977,172.32012939453125,443.5760803222656,0.943886399269104,27.506437301635742,384.6223449707031,0.9955114126205444
130,648.9086303710938,587.0858154296875,0.9992271661758423,584.6708984375,551.6397705078125,0.999671220779419,458.962890625,600.4464111328125,0.9786554574966431,461.3524475097656,583.9900512695312,0.9885578155517578,494.0736083984375,553.2571411132812,0.9562037587165833,531.5455932617188,546.8641357421875,0.942055881023407,527.25927734375,514.8585815429688,0.9788594245910645,379.02020263671875,489.4472961425781,0.9813360571861267,364.4039306640625,520.856201171875,0.9661369919776917,404.7895812988281,536.7538452148438,0.9915423393249512,400.48541259765625,582.6026000976562,0.9951506853103638,434.2866516113281,599.8634033203125,0.9972611665725708,303.1865539550781,513.7510986328125,0.9994497895240784,185.48773193359375,442.1522521972656,0.9489741921424866,37.58059310913086,384.6927795410156,0.995954155921936
131,659.6669921875,588.1961669921875,0.9998063445091248,595.5381469726562,553.1142578125,0.9997230172157288,462.2550354003906,600.4240112304688,0.9924836754798889,469.64703369140625,583.764892578125,0.9961756467819214,503.16815185546875,553.1776123046875,0.9761369824409485,538.9525756835938,547.4340209960938,0.903708279132843,533.1876220703125,516.0034790039062,0.9900646805763245,386.22161865234375,489.9602355957031,0.9870147705078125,375.4310607910156,520.4757690429688,0.9658090472221375,414.04913330078125,540.0069580078125,0.9836279153823853,405.4384765625,582.4310302734375,0.9975584745407104,436.88079833984375,602.9400634765625,0.9989116191864014,314.0830078125,510.4508056640625,0.9985002279281616,190.7132568359375,438.5657958984375,0.9543517827987671,48.07945251464844,385.3637390136719,0.995792031288147
132,672.4088745117188,588.6256103515625,0.9994947910308838,608.3986206054688,556.7538452148438,0.9997581839561462,478.807861328125,597.3304443359375,0.9961239695549011,491.9411315917969,584.9909057617188,0.9787704348564148,516.2987670898438,552.794189453125,0.9924877882003784,551.7474975585938,546.6598510742188,0.9573397040367126,546.4258422851562,517.855712890625,0.9935145378112793,398.8782653808594,489.1969299316406,0.9729747772216797,383.27630615234375,520.8005981445312,0.9717342853546143,420.0287170410156,540.6700439453125,0.9875186085700989,408.576904296875,582.0367431640625,0.9973039627075195,438.44244384765625,605.3348388671875,0.9980960488319397,324.4591369628906,506.0496520996094,0.9996213912963867,202.80133056640625,436.1492614746094,0.9675586819648743,57.2525634765625,386.6287841796875,0.9947541952133179
133,684.1461791992188,589.2128295898438,0.998975396156311,620.3064575195312,557.5584716796875,0.9996473789215088,509.12384033203125,604.1821899414062,0.9916016459465027,522.3716430664062,592.380126953125,0.9930819869041443,528.651123046875,554.9381713867188,0.9909986257553101,562.5550537109375,548.2223510742188,0.9651942253112793,556.8713989257812,519.357666015625,0.9889541864395142,408.6326599121094,489.9686279296875,0.9867411255836487,394.5355224609375,520.1748046875,0.9879194498062134,428.37518310546875,543.7183227539062,0.9827393293380737,409.775634765625,582.6641235351562,0.9977625608444214,438.1170959472656,605.5931396484375,0.9982849955558777,334.98382568359375,504.15625,0.9992614388465881,209.4318084716797,434.78826904296875,0.9734838604927063,67.70885467529297,386.5329895019531,0.9986943602561951
134,695.0911254882812,589.6708984375,0.9995125532150269,632.4766845703125,558.4263305664062,0.9996141195297241,548.4794921875,601.817626953125,0.99852055311203,555.7099609375,589.031982421875,0.9981464147567749,545.5133056640625,557.4736328125,0.9904974102973938,577.7716064453125,548.752197265625,0.9786916375160217,566.0943603515625,521.5518798828125,0.9917057752609253,419.2409973144531,492.5524597167969,0.9863173961639404,406.0430603027344,521.36865234375,0.978760838508606,434.5594177246094,548.3187255859375,0.99357008934021,410.5849609375,583.5538330078125,0.9965015649795532,438.3445739746094,605.816162109375,0.9971356391906738,345.0542907714844,504.8655090332031,0.999075174331665,222.40611267089844,436.63165283203125,0.96959388256073,78.6646957397461,388.619140625,0.9972081780433655
135,705.831298828125,588.9880981445312,0.9996309280395508,644.8997802734375,558.6910400390625,0.999790608882904,580.0626220703125,604.8904418945312,0.9992067217826843,582.732421875,587.3714599609375,0.9952036142349243,556.6467895507812,559.7078857421875,0.979826033115387,588.1369018554688,549.6458129882812,0.9787204265594482,578.0327758789062,521.9125366210938,0.9934995174407959,432.57476806640625,494.5628662109375,0.9780439734458923,414.4901123046875,523.1494750976562,0.9535037875175476,440.4458923339844,550.0547485351562,0.9881994724273682,410.4119873046875,581.4098510742188,0.9991965889930725,439.3167419433594,604.7328491210938,0.9963175058364868,356.61181640625,506.5815124511719,0.9996212720870972,237.5401611328125,438.74176025390625,0.9619299173355103,90.78166198730469,390.40545654296875,0.996929943561554
136,716.7849731445312,587.2913818359375,0.9989375472068787,657.3715209960938,558.073486328125,0.999852180480957,606.13330078125,599.234619140625,0.9965527057647705,598.7010498046875,584.16748046875,0.990842342376709,565.5709838867188,560.4996948242188,0.9863669276237488,601.0291137695312,548.374267578125,0.9795687198638916,591.5062866210938,521.875244140625,0.9898428320884705,441.07318115234375,498.3565979003906,0.9644937515258789,424.4407043457031,526.0906982421875,0.9818076491355896,446.72296142578125,556.57080078125,0.9570884108543396,411.0233459472656,581.3818969726562,0.9969009160995483,441.04833984375,606.5994873046875,0.9964738488197327,367.8233642578125,506.1092834472656,0.9976477026939392,242.92254638671875,439.72418212890625,0.9657958149909973,101.68437194824219,391.8622131347656,0.9978645443916321
137,725.4404296875,587.6956787109375,0.999765932559967,667.5531005859375,558.027587890625,0.9993464350700378,637.3211669921875,596.05712890625,0.9989297986030579,625.2948608398438,583.4969482421875,0.9952076077461243,581.2218627929688,565.0767211914062,0.9872989058494568,615.9947509765625,549.5709838867188,0.9852938055992126,602.793701171875,521.2352294921875,0.9897425174713135,451.5096740722656,500.34454345703125,0.9663913249969482,431.4452819824219,527.0191650390625,0.9735490679740906,452.09368896484375,560.501220703125,0.9949049949645996,412.5871887207031,580.8538818359375,0.997837245464325,441.1339111328125,606.5558471679688,0.9977280497550964,375.5375061035156,507.4210205078125,0.9992454051971436,255.86141967773438,441.2760925292969,0.9528622031211853,112.01422882080078,395.13385009765625,0.9976043105125427
138,734.856201171875,586.55126953125,0.9994602799415588,678.082275390625,555.7794189453125,0.9998447895050049,661.2874145507812,592.9518432617188,0.9985098242759705,645.1546020507812,585.36572265625,0.9958662986755371,600.2907104492188,569.10498046875,0.9811745882034302,629.590087890625,551.0101928710938,0.9886839985847473,617.4037475585938,524.2554931640625,0.9838100671768188,461.43994140625,501.6953430175781,0.9757155179977417,439.5240783691406,527.9756469726562,0.980802059173584,457.85723876953125,564.3214111328125,0.9910069108009338,413.9498596191406,577.5025024414062,0.9983918070793152,440.27252197265625,606.6378784179688,0.9977399110794067,387.83819580078125,509.2518615722656,0.9994863271713257,270.32171630859375,444.3511657714844,0.9613646268844604,123.01593780517578,397.8900146484375,0.9967132806777954
139,744.6441040039062,586.1219482421875,0.9995459914207458,688.7175903320312,555.1139526367188,0.999862551689148,683.7066650390625,590.2818603515625,0.9973716735839844,663.9974975585938,587.2561645507812,0.9939502477645874,617.6353759765625,570.8107299804688,0.9860104322433472,645.4370727539062,552.0601196289062,0.9927290081977844,632.0812377929688,524.7755126953125,0.9857922196388245,469.302001953125,502.1486511230469,0.965086042881012,446.451416015625,528.8514404296875,0.988800048828125,461.60162353515625,566.38916015625,0.9914305806159973,415.78814697265625,576.235107421875,0.9928615689277649,439.8923645019531,606.3446655273438,0.997836172580719,397.3299255371094,510.96246337890625,0.9985539317131042,280.5253601074219,444.51904296875,0.9667805433273315,132.270751953125,400.79962158203125,0.9984039664268494
140,753.7553100585938,585.7379150390625,0.9997708201408386,698.9765014648438,553.6732177734375,0.999313473701477,703.4644165039062,591.4288330078125,0.9972785115242004,684.7923583984375,588.2799072265625,0.9938310384750366,635.9420776367188,572.2339477539062,0.9904261231422424,661.2127685546875,553.3690795898438,0.9947697520256042,648.5975341796875,523.923583984375,0.9894294142723083,482.5068664550781,501.3542785644531,0.9413325786590576,458.4391174316406,531.731201171875,0.9822445511817932,467.58831787109375,567.0618896484375,0.9940295219421387,417.8863220214844,570.9609985351562,0.9973926544189453,438.7409973144531,606.4895629882812,0.9979946613311768,407.7833251953125,510.0946960449219,0.9989224672317505,289.1617126464844,442.7384338378906,0.9647932052612305,142.50106811523438,400.8219909667969,0.9965948462486267
141,765.1914672851562,585.4752807617188,0.9992660880088806,709.461669921875,552.7120971679688,0.9998761415481567,720.5369262695312,595.4334106445312,0.9984361529350281,703.200927734375,591.5951538085938,0.9968382120132446,653.1414794921875,573.7781982421875,0.9884055852890015,675.6214599609375,553.3200073242188,0.9960864782333374,659.7973022460938,524.358642578125,0.990431010723114,488.7991638183594,500.0749206542969,0.9643637537956238,464.3031005859375,528.9930419921875,0.9905492663383484,472.94677734375,567.6697998046875,0.9927377104759216,422.4013366699219,569.0543823242188,0.9983300566673279,438.9599304199219,606.26416015625,0.9977900981903076,419.4287414550781,509.8276062011719,0.9995655417442322,303.2027587890625,441.16082763671875,0.9412863254547119,154.5117645263672,398.88787841796875,0.996566891670227
142,774.2674560546875,585.8978271484375,0.9996743202209473,720.0171508789062,552.4614868164062,0.9998906850814819,728.6049194335938,605.8119506835938,0.9983248114585876,713.948974609375,596.6847534179688,0.9989621639251709,670.5526123046875,577.550537109375,0.9779061675071716,689.5623779296875,553.3652954101562,0.9953628778457642,671.21630859375,523.6885986328125,0.982165515422821,500.9937744140625,495.12957763671875,0.960513174533844,477.01263427734375,527.4096069335938,0.9763369560241699,477.9126892089844,566.5360107421875,0.9863452315330505,427.5044250488281,566.16015625,0.9982815980911255,439.1515197753906,606.0816040039062,0.998381495475769,432.1195068359375,507.2059631347656,0.9988054037094116,315.23138427734375,437.4174499511719,0.9642984867095947,167.25621032714844,395.750732421875,0.9980124235153198
143,785.2314453125,586.5850219726562,0.9996324777603149,731.60693359375,553.5159912109375,0.9996309280395508,730.5070190429688,606.4625244140625,0.9988344311714172,715.051025390625,598.11474609375,0.9991863369941711,675.7999267578125,574.306396484375,0.9836133718490601,699.060791015625,552.2101440429688,0.9906846284866333,685.9854125976562,522.370361328125,0.9869040250778198,513.3247680664062,493.03045654296875,0.9737115502357483,490.9613037109375,525.7116088867188,0.9825109839439392,485.22802734375,566.1262817382812,0.9953845143318176,434.4831848144531,563.6912841796875,0.9982524514198303,439.39349365234375,606.0848388671875,0.9982768297195435,444.1089172363281,505.355712890625,0.9989659786224365,329.5480651855469,433.5267333984375,0.9715022444725037,179.51797485351562,389.779296875,0.9989920258522034
144,796.9274291992188,587.99755859375,0.9992221593856812,742.4949951171875,553.335693359375,0.9998261332511902,730.3890380859375,606.8108520507812,0.9987074136734009,716.1791381835938,596.2625732421875,0.9989564418792725,678.8659057617188,569.0668334960938,0.9734277725219727,707.210693359375,551.7345581054688,0.9942278861999512,696.3887939453125,521.9210815429688,0.9869199991226196,527.8338623046875,489.92364501953125,0.9722011089324951,501.673828125,522.1033325195312,0.9889382123947144,493.7396545410156,561.7780151367188,0.987621009349823,444.0789794921875,561.4721069335938,0.9984667897224426,439.76690673828125,603.9909057617188,0.9981539845466614,456.2521667480469,504.0511779785156,0.9991055130958557,342.35162353515625,428.9466857910156,0.9529621005058289,191.48880004882812,385.4110412597656,0.9983372688293457
145,809.3353881835938,587.6649169921875,0.9994509816169739,754.4085693359375,553.4815673828125,0.9998717308044434,730.0097045898438,606.7344360351562,0.9987454414367676,716.9100341796875,596.3865356445312,0.9987612962722778,689.9398193359375,569.181640625,0.9860063791275024,718.276123046875,551.7617797851562,0.9908860921859741,706.5048217773438,522.7745361328125,0.9933488965034485,539.52880859375,491.0627746582031,0.9521805644035339,511.19866943359375,520.8016357421875,0.9782019257545471,505.9465637207031,559.9803466796875,0.9789328575134277,457.24609375,559.5919189453125,0.995050847530365,440.8825988769531,599.11083984375,0.9973965883255005,466.80584716796875,500.6756896972656,0.9998643398284912,352.6465148925781,425.6351623535156,0.9592105746269226,204.5880126953125,378.849365234375,0.9965710639953613
146,820.27978515625,588.7200317382812,0.9997984766960144,764.7949829101562,553.9993286132812,0.9992977380752563,730.6298828125,606.1986694335938,0.9981237053871155,718.0006103515625,596.2633666992188,0.9980958104133606,698.7540283203125,566.1021728515625,0.9785313606262207,726.8233642578125,550.6012573242188,0.9939553141593933,714.7463989257812,521.7421264648438,0.9865552186965942,549.33154296875,490.1963195800781,0.9839723110198975,525.0469360351562,519.0086669921875,0.9816079139709473,526.6552124023438,553.7542114257812,0.9396341443061829,479.3407897949219,548.0040283203125,0.9942904710769653,459.2728271484375,588.4031982421875,0.9948669672012329,476.3712158203125,500.6514892578125,0.9995860457420349,366.4532470703125,426.360107421875,0.9468950033187866,215.51248168945312,373.5893859863281,0.9987824559211731
147,831.703369140625,587.8884887695312,0.9995098114013672,774.0506591796875,553.8679809570312,0.9998316764831543,730.3139038085938,606.6380004882812,0.9987710118293762,718.89306640625,596.9544677734375,0.9987462759017944,706.3034057617188,563.9481811523438,0.9906596541404724,734.9166870117188,550.9313354492188,0.9894195795059204,721.3236694335938,522.9268188476562,0.9906646013259888,560.9862670898438,491.20709228515625,0.9878774881362915,541.8177490234375,520.0409545898438,0.9884220957756042,565.5821533203125,545.8935546875,0.9796696901321411,547.5908203125,573.7493896484375,0.850280225276947,484.5876159667969,592.0859985351562,0.1729322075843811,486.30413818359375,501.53277587890625,0.999854564666748,375.86541748046875,426.6880798339844,0.9651382565498352,225.80758666992188,370.9278259277344,0.9989088773727417
148,841.6414794921875,588.6033935546875,0.9991056323051453,783.7550659179688,555.259765625,0.999836802482605,730.484375,605.7845458984375,0.9985818862915039,718.5341186523438,595.48876953125,0.9991083741188049,708.6088256835938,563.49755859375,0.9915948510169983,740.2571411132812,551.3490600585938,0.9911045432090759,727.70166015625,522.6595458984375,0.9862005710601807,572.794921875,493.3103332519531,0.9872658252716064,552.35693359375,522.582275390625,0.9830365777015686,579.8947143554688,544.0719604492188,0.9953306913375854,530.1898803710938,544.5108642578125,0.987074613571167,533.5198974609375,588.6956176757812,0.9525608420372009,495.1914978027344,504.275146484375,0.9996416568756104,382.4675598144531,429.3002014160156,0.9484456181526184,235.1344757080078,371.36529541015625,0.9983280301094055
149,850.7763061523438,588.532958984375,0.9997326731681824,793.487548828125,555.6337280273438,0.9993522763252258,730.374755859375,607.7523193359375,0.9978823065757751,719.7506713867188,594.6332397460938,0.9987541437149048,719.8915405273438,561.4794921875,0.9873393774032593,751.6630249023438,550.802734375,0.989447832107544,737.9471435546875,522.912353515625,0.9890220165252686,581.4266967773438,496.6708068847656,0.9797244071960449,563.4244384765625,521.2833251953125,0.9726267457008362,596.60498046875,540.5950317382812,0.9939216375350952,550.5140991210938,558.9170532226562,0.994763970375061,578.5060424804688,590.33349609375,0.9892265796661377,505.8122863769531,507.2621765136719,0.9990204572677612,391.2108154296875,433.6308288574219,0.9675910472869873,244.7770538330078,374.0467529296875,0.9987900853157043
150,861.0685424804688,590.5134887695312,0.9993958473205566,802.4417114257812,554.9561767578125,0.9998912811279297,730.8945922851562,606.69873046875,0.9988735318183899,720.57080078125,594.61279296875,0.999315619468689,726.9552612304688,561.5924072265625,0.9880097508430481,758.1822509765625,550.1580810546875,0.9936210513114929,745.8286743164062,522.0758056640625,0.9849808216094971,591.0740966796875,499.0842590332031,0.9842228293418884,575.0665283203125,526.2621459960938,0.9844485521316528,607.7728881835938,545.7706909179688,0.9907517433166504,572.2951049804688,575.7781982421875,0.9938384890556335,609.3260498046875,594.1707153320312,0.9942094087600708,516.4155883789062,511.4231262207031,0.9998451471328735,396.6116638183594,436.5227355957031,0.9694831371307373,253.6500701904297,381.45635986328125,0.9957292675971985
151,868.9989013671875,591.2858276367188,0.9996817111968994,811.6611328125,556.1558227539062,0.9992468357086182,731.566650390625,606.0646362304688,0.9987807869911194,721.1265258789062,593.3759765625,0.9995705485343933,735.1533813476562,561.6570434570312,0.9865639209747314,767.914306640625,550.9111938476562,0.9905086755752563,754.6719360351562,521.5059204101562,0.9934306740760803,600.7435302734375,500.9181823730469,0.9856033325195312,584.0208740234375,528.4429931640625,0.9867799878120422,618.6032104492188,548.9293823242188,0.9885644316673279,590.6519165039062,583.1635131835938,0.9975383281707764,630.0548095703125,594.9053955078125,0.9976678490638733,526.2224731445312,515.2529296875,0.9996637105941772,411.00604248046875,443.1397705078125,0.9598262906074524,259.3620300292969,389.0186462402344,0.9986445307731628
152,880.30078125,589.2145385742188,0.9995648264884949,820.0977783203125,554.4013671875,0.9998818635940552,731.6470336914062,606.0547485351562,0.9987363219261169,722.238037109375,592.9053344726562,0.9996981620788574,742.0518188476562,561.493408203125,0.993755578994751,774.0660400390625,550.3401489257812,0.9884160757064819,762.421875,521.598876953125,0.9846199154853821,613.5421142578125,501.64019775390625,0.9841495156288147,597.2223510742188,529.7267456054688,0.9802332520484924,633.89208984375,548.58642578125,0.9870304465293884,611.3177490234375,586.93408203125,0.9980854988098145,649.4706420898438,595.4334716796875,0.9980183839797974,535.4896240234375,515.8572387695312,0.9997567534446716,418.6025695800781,444.122802734375,0.9579747915267944,268.1451416015625,395.823974609375,0.9953393936157227
153,891.4909057617188,587.6798095703125,0.9992306232452393,831.413330078125,554.1995239257812,0.9997749924659729,731.8777465820312,608.2924194335938,0.9988763928413391,724.4422607421875,591.4802856445312,0.999570906162262,746.8458251953125,559.9031372070312,0.9855723977088928,779.101318359375,549.659423828125,0.9599856734275818,769.9370727539062,520.9486083984375,0.9838352203369141,625.3538208007812,500.1052551269531,0.9855830669403076,610.64990234375,529.39306640625,0.9768144488334656,647.4315795898438,545.40576171875,0.9894346594810486,631.3125,588.8856811523438,0.9921567440032959,669.7196655273438,592.7605590820312,0.9986159801483154,548.4749145507812,516.259765625,0.9999450445175171,429.66412353515625,445.67694091796875,0.9401631951332092,277.0264587402344,400.54156494140625,0.9980695843696594
154,900.101318359375,587.7865600585938,0.99983811378479,840.2647094726562,552.7496948242188,0.9995612502098083,733.3837280273438,608.739990234375,0.9976999163627625,727.5665283203125,591.0726318359375,0.9988260865211487,750.2606811523438,557.5859375,0.9875438213348389,788.4644165039062,547.6778564453125,0.9656597375869751,777.8619995117188,517.6840209960938,0.9669836163520813,638.6323852539062,497.14849853515625,0.9752005934715271,624.8218383789062,526.6018676757812,0.952373743057251,661.4328002929688,541.4959716796875,0.9880374670028687,650.8720092773438,587.8261108398438,0.9921370148658752,688.0626220703125,592.9815063476562,0.9992897510528564,558.7891845703125,515.0341186523438,0.9997166991233826,440.11492919921875,444.7524719238281,0.9404359459877014,286.8913879394531,400.4288024902344,0.9950147271156311
155,911.5762939453125,586.9190673828125,0.9997801184654236,850.9265747070312,550.9256591796875,0.999880313873291,734.5636596679688,607.6726684570312,0.9960822463035583,731.9755859375,590.60009765625,0.9910997748374939,759.5521240234375,557.015869140625,0.9876842498779297,794.3989868164062,547.5344848632812,0.9644570350646973,787.5081176757812,516.2160034179688,0.9780920147895813,650.8612060546875,493.56787109375,0.9675686359405518,636.0984497070312,525.21240234375,0.9684619307518005,672.8798828125,538.8216552734375,0.9886646270751953,666.1144409179688,586.1502075195312,0.9845794439315796,704.9954833984375,598.2174682617188,0.9961751699447632,570.48974609375,514.7142333984375,0.9996805191040039,449.26287841796875,442.72064208984375,0.9309701323509216,297.8857116699219,399.9520568847656,0.9938706159591675
156,922.5790405273438,588.7060546875,0.9995055198669434,863.568603515625,553.0286254882812,0.9997149109840393,736.0547485351562,607.5673217773438,0.9974766373634338,741.20458984375,588.4415893554688,0.9985184073448181,768.3113403320312,553.89111328125,0.9939677715301514,804.181640625,546.0068969726562,0.9803548455238342,796.9580078125,516.7212524414062,0.9619292616844177,658.8949584960938,492.1331787109375,0.9734087586402893,649.2411499023438,523.0221557617188,0.9542198777198792,685.8988647460938,540.162109375,0.9832656383514404,673.0759887695312,584.7833251953125,0.9963979721069336,707.288330078125,605.3365478515625,0.9980959296226501,582.944580078125,511.9895935058594,0.9996479749679565,461.7066345214844,442.4857177734375,0.9416835308074951,311.07763671875,399.2487487792969,0.9949818253517151
157,933.0637817382812,590.6836547851562,0.9997581839561462,876.0889282226562,556.7015991210938,0.9992433786392212,750.3776245117188,595.9956665039062,0.9951576590538025,769.824462890625,586.4307861328125,0.9979140162467957,789.6577758789062,554.9343872070312,0.9958177208900452,822.3816528320312,546.7473754882812,0.9871382713317871,815.3894653320312,518.3416137695312,0.9877468347549438,670.3475341796875,492.0017395019531,0.9750410914421082,656.0728759765625,522.4797973632812,0.9814292788505554,691.7318115234375,539.235107421875,0.9889516234397888,678.428466796875,583.1041259765625,0.9962271451950073,710.4653930664062,607.0499877929688,0.9979117512702942,593.9668579101562,510.21551513671875,0.9997599720954895,471.8465881347656,443.3457336425781,0.9194208383560181,317.8418273925781,400.8885498046875,0.9951991438865662
158,945.3477783203125,590.9546508789062,0.9997449517250061,888.7279663085938,557.8240966796875,0.9996739625930786,792.3409423828125,600.881103515625,0.9954866766929626,801.8663330078125,589.3850708007812,0.9970705509185791,802.06201171875,553.130859375,0.9865204095840454,834.566162109375,547.0250244140625,0.972649097442627,824.1448364257812,520.089599609375,0.9904792904853821,677.9374389648438,492.549560546875,0.9753215312957764,665.2259521484375,523.072998046875,0.9800139665603638,701.20166015625,543.3838500976562,0.9859433174133301,680.8372192382812,584.13525390625,0.9961721301078796,711.317138671875,607.4457397460938,0.9979937076568604,603.6383666992188,507.57061767578125,0.999387264251709,480.4815979003906,442.3580322265625,0.949819028377533,329.1011962890625,404.3490295410156,0.9948580265045166
159,955.3172607421875,591.3511962890625,0.9995036125183105,899.5901489257812,559.50732421875,0.9998388290405273,830.2581176757812,605.1060791015625,0.9971652626991272,835.399169921875,588.8153686523438,0.9961481094360352,816.9949951171875,557.3984985351562,0.9893970489501953,850.126708984375,549.5928955078125,0.9894969463348389,838.644287109375,521.08935546875,0.9957703948020935,687.8279418945312,494.8639831542969,0.9622063040733337,674.5204467773438,524.9713134765625,0.9825265407562256,706.6104736328125,546.960693359375,0.9967380166053772,682.8742065429688,584.4808959960938,0.9958285689353943,711.4866333007812,607.6849365234375,0.9966913461685181,612.2988891601562,508.9978332519531,0.9997392296791077,492.2947998046875,446.3299560546875,0.9364168047904968,338.00042724609375,405.0578918457031,0.9977073669433594
160,962.5272216796875,592.5167846679688,0.9998663663864136,909.26806640625,559.91552734375,0.9997047781944275,859.2786254882812,603.256103515625,0.9945487380027771,861.8788452148438,587.8268432617188,0.9900131225585938,823.575927734375,562.511962890625,0.9793862700462341,857.460205078125,549.7777099609375,0.976754367351532,846.87548828125,523.860107421875,0.9872696399688721,695.0390625,499.2350158691406,0.9728940725326538,680.5945434570312,528.686279296875,0.9781679511070251,711.5338134765625,550.8783569335938,0.9935300946235657,682.7755126953125,585.056396484375,0.9959897398948669,712.2518920898438,606.8194580078125,0.9966443777084351,621.406494140625,512.2642211914062,0.9988458156585693,498.71661376953125,450.276611328125,0.9591175317764282,348.39404296875,407.2482604980469,0.9952008724212646
161,971.5150756835938,592.5258178710938,0.9995967745780945,920.0713500976562,559.3621826171875,0.9996540546417236,891.1856079101562,604.4146118164062,0.9994238615036011,878.650390625,589.0604248046875,0.9950037598609924,836.5845336914062,570.5216064453125,0.9851576089859009,869.3987426757812,554.2838134765625,0.9926264882087708,857.5865478515625,527.2122802734375,0.9783801436424255,704.9873046875,502.4809875488281,0.9501433968544006,688.5992431640625,530.3405151367188,0.983628511428833,717.7650756835938,557.027587890625,0.9831398129463196,680.9913330078125,585.3795166015625,0.9961428046226501,713.1881713867188,608.0503540039062,0.9971060156822205,630.1470947265625,514.21435546875,0.9997181296348572,509.7520751953125,453.7869567871094,0.9590161442756653,357.3725891113281,412.1194763183594,0.9966541528701782
162,980.33154296875,590.5741577148438,0.9997193217277527,927.5759887695312,558.7949829101562,0.9997636675834656,912.8673706054688,600.3219604492188,0.9980816841125488,895.2654418945312,591.8802490234375,0.9946501851081848,850.5819091796875,573.5654296875,0.9508166909217834,881.819580078125,555.5817260742188,0.9874244332313538,868.7255859375,527.539306640625,0.9856616854667664,712.1133422851562,503.7539367675781,0.9612463116645813,695.587158203125,533.9241943359375,0.9844415783882141,721.0618286132812,560.6175537109375,0.9949707388877869,682.404541015625,585.6121826171875,0.9952958226203918,714.2909545898438,608.2930297851562,0.9980520009994507,638.302978515625,515.8096313476562,0.9992830157279968,514.8193969726562,455.84796142578125,0.9561081528663635,364.2264404296875,418.187744140625,0.9965294003486633
163,990.40185546875,589.335205078125,0.998967170715332,937.5157470703125,557.9401245117188,0.9995662569999695,928.8218383789062,598.332763671875,0.998793363571167,911.656982421875,592.2680053710938,0.9962621331214905,869.659912109375,574.979248046875,0.986494779586792,896.236572265625,556.9962158203125,0.9876512289047241,882.2190551757812,528.530029296875,0.990260899066925,723.7440185546875,504.6353759765625,0.9337833523750305,703.2428588867188,533.1478881835938,0.9861917495727539,725.6679077148438,563.80322265625,0.9956715106964111,683.169921875,583.8162231445312,0.9979643821716309,715.7877197265625,609.19775390625,0.9988030195236206,648.1849365234375,516.3587036132812,0.9994301199913025,528.2362060546875,457.520751953125,0.9269708395004272,374.46221923828125,421.8184509277344,0.9973918199539185
164,998.4729614257812,586.9473876953125,0.9998469352722168,946.5333251953125,556.4179077148438,0.9999065399169922,947.4739990234375,594.6201782226562,0.9981691837310791,927.5509643554688,591.8244018554688,0.9905188679695129,879.5189819335938,575.56005859375,0.9789626002311707,905.5064086914062,555.3677978515625,0.9891854524612427,890.7605590820312,527.3113403320312,0.9878807067871094,731.7352905273438,504.326904296875,0.9492843151092529,711.5079345703125,534.5328979492188,0.9752046465873718,732.1604614257812,565.2984619140625,0.9811137318611145,685.5044555664062,581.6414794921875,0.9981200098991394,715.9774169921875,609.493896484375,0.9988250136375427,656.1849365234375,515.9981079101562,0.9997633099555969,536.823486328125,454.8582458496094,0.9529519081115723,383.42681884765625,421.90130615234375,0.9954492449760437
165,1007.796875,585.2647705078125,0.9992434978485107,955.2968139648438,555.013671875,0.9993882179260254,958.659912109375,594.2891845703125,0.9977946281433105,939.1248779296875,591.22216796875,0.9977067708969116,890.0956420898438,574.439453125,0.9824644923210144,916.7933959960938,554.9190063476562,0.9934165477752686,903.4894409179688,526.7355346679688,0.9911808967590332,738.1359252929688,504.8995056152344,0.9514979720115662,717.5222778320312,533.84814453125,0.9811863899230957,735.6317749023438,567.5988159179688,0.9881303310394287,688.3541870117188,577.829345703125,0.9976767897605896,715.0810546875,608.445556640625,0.9988773465156555,665.468017578125,515.5945434570312,0.9993588328361511,543.3267822265625,451.6395568847656,0.9668867588043213,395.00982666015625,418.0403137207031,0.9936758875846863
166,1017.4197998046875,582.9400024414062,0.9995360374450684,964.3091430664062,550.3790283203125,0.9999229907989502,974.8016357421875,595.2979125976562,0.9978262782096863,956.4789428710938,592.6566772460938,0.99769127368927,905.603759765625,576.0233154296875,0.987597644329071,930.6784057617188,554.1739501953125,0.9958314299583435,915.0127563476562,526.2792358398438,0.9881823658943176,746.2316284179688,504.0849609375,0.9267163872718811,726.0031127929688,534.6768798828125,0.978611171245575,739.4584350585938,569.737548828125,0.9900397658348083,690.1949462890625,574.7377319335938,0.9980839490890503,714.717041015625,608.7594604492188,0.9991132616996765,676.1475830078125,515.2844848632812,0.9999079704284668,558.8796997070312,450.47283935546875,0.9428954720497131,406.1379089355469,409.876708984375,0.997257649898529
167,1027.0474853515625,581.6027221679688,0.9999103546142578,974.3753662109375,548.7339477539062,0.9999147653579712,990.1484985351562,598.5084838867188,0.9948864579200745,971.1318359375,595.4256591796875,0.9966825842857361,921.2601928710938,577.3154296875,0.977837860584259,943.7157592773438,554.0154418945312,0.9913005232810974,926.7112426757812,525.1599731445312,0.9805644154548645,756.18212890625,501.8612060546875,0.9551011919975281,733.1912231445312,532.9061889648438,0.9835667610168457,744.5101318359375,567.4647827148438,0.9893118739128113,695.0923461914062,571.6055297851562,0.9973286390304565,714.7361450195312,608.6316528320312,0.9987393021583557,685.807373046875,515.190185546875,0.9995290040969849,568.3478393554688,445.79791259765625,0.9410067200660706,418.9344482421875,402.55462646484375,0.9984840750694275
168,1036.422119140625,581.8922119140625,0.999491810798645,985.1700439453125,548.5084838867188,0.9998902082443237,997.7280883789062,603.5850219726562,0.998624324798584,978.2767333984375,597.3876953125,0.9971989393234253,932.8965454101562,576.6378784179688,0.9839336276054382,954.5601806640625,552.0726318359375,0.9912998080253601,939.9696655273438,523.0453491210938,0.9822720289230347,765.9337768554688,500.2317199707031,0.9794263243675232,745.4080200195312,531.4013671875,0.9731248617172241,749.643798828125,568.8106689453125,0.956961989402771,701.3876953125,570.994384765625,0.9952758550643921,715.3763427734375,609.4463500976562,0.9988652467727661,698.2379150390625,514.7973022460938,0.9995344877243042,581.3812255859375,444.48834228515625,0.9558901190757751,431.2311096191406,399.55169677734375,0.9950827360153198
169,1046.607177734375,582.1724243164062,0.9998408555984497,994.4696655273438,548.4283447265625,0.9999352693557739,998.4328002929688,606.7742309570312,0.9987241625785828,980.0552368164062,597.949462890625,0.9985895752906799,940.260009765625,573.9173583984375,0.9817110300064087,964.1958618164062,552.7166748046875,0.9950228929519653,952.1737670898438,523.5001220703125,0.9825884103775024,775.7806396484375,498.7704162597656,0.9702843427658081,756.0126342773438,528.9765625,0.9906816482543945,757.7792358398438,567.544189453125,0.9922420978546143,706.8865966796875,568.0818481445312,0.9991313815116882,713.7976684570312,608.0070190429688,0.998481810092926,710.2593994140625,512.763427734375,0.9996713399887085,593.7948608398438,443.7151184082031,0.9710257649421692,444.802978515625,399.80133056640625,0.9970415234565735
170,1058.0528564453125,583.7789306640625,0.9998220801353455,1006.4949951171875,548.7621459960938,0.9998700618743896,998.625244140625,606.5960083007812,0.9984167814254761,980.6748657226562,597.4127197265625,0.9981087446212769,945.4915771484375,571.5643920898438,0.9737966656684875,972.8447265625,551.8856811523438,0.9901676177978516,959.327392578125,523.5402221679688,0.9886300563812256,787.0103759765625,498.6643371582031,0.9621419906616211,766.02587890625,527.9398193359375,0.9917863011360168,767.3255615234375,565.0884399414062,0.987730085849762,717.714599609375,564.3673095703125,0.9985784292221069,713.4467163085938,607.2958374023438,0.9984630346298218,723.0307006835938,511.7448425292969,0.9994639754295349,607.6262817382812,445.59552001953125,0.9450992345809937,455.6906433105469,401.1725769042969,0.9981358051300049
171,1070.7943115234375,584.6199340820312,0.999134361743927,1018.4736328125,550.0311279296875,0.9996726512908936,997.8782958984375,607.0838012695312,0.9980708956718445,982.6900024414062,596.84912109375,0.998687207698822,951.5582275390625,568.608154296875,0.9595046043395996,982.0119018554688,549.9445190429688,0.9956747889518738,969.0521240234375,521.203857421875,0.9876284599304199,799.3846435546875,494.91802978515625,0.9845269918441772,777.8665771484375,525.2249145507812,0.990392804145813,779.9830932617188,561.531494140625,0.9715999960899353,735.2318725585938,562.4200439453125,0.9954627156257629,714.2561645507812,600.8949584960938,0.9943369030952454,733.859619140625,510.4412841796875,0.9986245632171631,616.3824462890625,445.24725341796875,0.9630605578422546,465.34088134765625,405.5150451660156,0.9985514283180237
172,1081.0816650390625,585.4134521484375,0.999079704284668,1028.80126953125,550.9466552734375,0.9998518228530884,999.9859619140625,607.4006958007812,0.9929272532463074,985.4280395507812,598.8261108398438,0.9887041449546814,964.3676147460938,569.28662109375,0.9695964455604553,992.5947875976562,551.013427734375,0.9921592473983765,979.6239624023438,522.1410522460938,0.9922286868095398,812.9034423828125,494.9969177246094,0.9814066886901855,793.891845703125,522.6622924804688,0.9906174540519714,814.8418579101562,549.8818359375,0.9408947229385376,757.7440185546875,548.8504028320312,0.9976071119308472,737.5119018554688,585.613525390625,0.9967999458312988,744.9873046875,510.019775390625,0.9983193278312683,624.95166015625,446.7930908203125,0.9637384414672852,474.7849426269531,407.6889343261719,0.9949482679367065
173,1090.95361328125,585.9549560546875,0.9996765851974487,1038.2117919921875,552.1533203125,0.999175488948822,999.5728149414062,607.3502197265625,0.9961656332015991,984.01318359375,598.0512084960938,0.9955927729606628,966.0726928710938,568.6370239257812,0.9763802289962769,996.4188842773438,551.5962524414062,0.9943639039993286,983.0120849609375,522.7255859375,0.9853476285934448,828.233642578125,496.43585205078125,0.9780219793319702,813.8621826171875,524.38525390625,0.9856123924255371,838.9879150390625,547.746337890625,0.9952334761619568,814.5281372070312,579.2140502929688,0.9788328409194946,774.5037841796875,587.2420043945312,0.587693989276886,753.5487670898438,511.8089294433594,0.9995102882385254,635.943603515625,450.1250915527344,0.9721477031707764,484.14044189453125,409.68377685546875,0.9979178309440613
174,1102.6640625,585.9130249023438,0.9991033673286438,1048.7442626953125,552.892578125,0.9992682337760925,997.01708984375,605.7066650390625,0.9967064261436462,983.4237060546875,597.711181640625,0.9985783100128174,970.520263671875,566.5726318359375,0.9771421551704407,1003.1547241210938,551.4291381835938,0.9896367192268372,989.5216674804688,522.777099609375,0.9850634336471558,835.3239135742188,497.6684265136719,0.9837263226509094,819.7466430664062,522.4022827148438,0.9748317003250122,850.5972900390625,543.64892578125,0.9926835894584656,802.1996459960938,548.0634155273438,0.998569130897522,823.7830810546875,586.737548828125,0.9976039528846741,764.0740356445312,514.150390625,0.9990493655204773,640.7194213867188,452.51861572265625,0.9720916152000427,493.10137939453125,409.63043212890625,0.9961793422698975
175,1111.5908203125,584.699951171875,0.9993423819541931,1057.72265625,551.7042236328125,0.9998108744621277,997.0333251953125,605.8004760742188,0.9976816177368164,984.466064453125,598.5486450195312,0.9968767166137695,982.400390625,563.4415283203125,0.9866096377372742,1014.1097412109375,548.91845703125,0.9950841069221497,1000.7504272460938,520.9786987304688,0.9872356057167053,848.70751953125,500.5049133300781,0.984369158744812,834.28955078125,526.9174194335938,0.9830238223075867,866.90771484375,544.0194702148438,0.9930376410484314,827.56005859375,567.8369750976562,0.9949283599853516,862.9541625976562,594.9950561523438,0.9659042358398438,775.8272705078125,517.502197265625,0.9994058609008789,654.3858032226562,456.21282958984375,0.9483687281608582,503.5509033203125,410.43035888671875,0.9970954656600952
176,1122.0687255859375,585.1611938476562,0.999521017074585,1067.7158203125,551.816650390625,0.9994016885757446,996.7988891601562,606.1200561523438,0.9977626800537109,984.4722900390625,597.3087158203125,0.9975903034210205,989.5034790039062,563.6651611328125,0.9819729328155518,1022.8084106445312,549.8372802734375,0.9891969561576843,1008.9946899414062,521.90283203125,0.9894547462463379,862.2894287109375,503.8866882324219,0.9874651432037354,849.1290893554688,531.7904052734375,0.9854820966720581,882.4841918945312,550.9475708007812,0.9955719709396362,849.2045288085938,581.5126342773438,0.9971592426300049,893.8267211914062,596.5055541992188,0.9973829388618469,786.0365600585938,521.5570678710938,0.9994015693664551,663.6304931640625,459.5929260253906,0.9379885792732239,511.4074401855469,414.43695068359375,0.9962890148162842
177,1131.431396484375,585.2767333984375,0.998611569404602,1076.6746826171875,552.3792114257812,0.9997833371162415,996.7928466796875,605.5265502929688,0.9973976612091064,984.85302734375,595.8057250976562,0.9988352656364441,995.2459716796875,563.1383666992188,0.9910110235214233,1028.8529052734375,549.1326293945312,0.9903620481491089,1014.612548828125,521.9031372070312,0.989425539970398,869.55908203125,505.4228515625,0.9862158298492432,857.8045654296875,537.2796020507812,0.9795361161231995,892.9970703125,553.13916015625,0.9814103841781616,873.1123657226562,591.9279174804688,0.9951228499412537,915.8736572265625,594.6818237304688,0.9954596161842346,797.2305297851562,526.4203491210938,0.9991299510002136,671.7359619140625,464.565673828125,0.9609172940254211,522.2335815429688,421.95953369140625,0.9965231418609619
178,1139.448486328125,585.0494995117188,0.999692440032959,1085.2210693359375,551.8616943359375,0.9993764758110046,998.203369140625,605.93603515625,0.9967825412750244,986.7975463867188,595.8717041015625,0.9989487528800964,1003.6436767578125,562.2147216796875,0.977395236492157,1036.7705078125,548.5233764648438,0.9768924713134766,1024.375,520.5206298828125,0.9857465028762817,881.7363891601562,506.0446472167969,0.9757029414176941,870.6858520507812,536.9381103515625,0.959627628326416,907.1181640625,552.6170654296875,0.9834648370742798,890.8318481445312,593.7952270507812,0.9954214692115784,932.3184814453125,594.2196655273438,0.9971253275871277,807.1124877929688,530.16796875,0.9997143149375916,682.9567260742188,468.0138244628906,0.9651196599006653,531.7437133789062,428.22076416015625,0.9965516328811646
179,1149.3863525390625,585.3049926757812,0.9985326528549194,1093.50927734375,551.4012451171875,0.9997100234031677,1001.5685424804688,606.8369750976562,0.9946704506874084,988.9620971679688,597.06005859375,0.9976704716682434,1007.3327026367188,562.7060546875,0.9805219173431396,1042.510009765625,549.152587890625,0.9735267162322998,1029.6029052734375,520.132568359375,0.9866942167282104,890.97705078125,504.7117614746094,0.9664831757545471,881.4261474609375,536.8628540039062,0.9640134572982788,919.0458984375,551.37255859375,0.9916905164718628,905.3513793945312,592.0413208007812,0.9943597912788391,945.1676635742188,594.5032958984375,0.9989420771598816,816.3265380859375,528.6742553710938,0.9998630285263062,689.7205200195312,469.0946960449219,0.9739457964897156,541.5762939453125,431.5289611816406,0.9960604310035706
180,1159.06982421875,584.5874633789062,0.9995734095573425,1102.451904296875,550.437744140625,0.9995193481445312,998.6550903320312,606.1550903320312,0.9945896863937378,990.4950561523438,590.9331665039062,0.9972497820854187,1013.9017944335938,560.126708984375,0.9842455983161926,1047.1920166015625,548.0665283203125,0.9349093437194824,1037.380615234375,517.9415283203125,0.9763120412826538,900.3831176757812,502.50732421875,0.9815006256103516,890.7464599609375,535.1724853515625,0.9702889919281006,927.89794921875,547.2855224609375,0.994576096534729,920.490478515625,590.6067504882812,0.9915648698806763,960.1653442382812,597.1568603515625,0.9919683337211609,826.814453125,527.4105224609375,0.9992133378982544,701.737548828125,467.8704833984375,0.9608075618743896,553.3701782226562,431.89874267578125,0.9932894110679626
181,1166.946533203125,586.2658081054688,0.9987768530845642,1113.7177734375,550.0741577148438,0.9997727274894714,1002.0023803710938,605.0458984375,0.9895681738853455,996.7127685546875,589.6349487304688,0.9970480799674988,1023.2194213867188,560.186767578125,0.9667615294456482,1058.2584228515625,547.70458984375,0.9433616995811462,1046.266357421875,517.21484375,0.9855669736862183,913.8319702148438,498.5522766113281,0.9833589196205139,904.66748046875,531.7979125976562,0.9693160057067871,943.1439819335938,545.0994873046875,0.9932262301445007,929.5481567382812,588.0379028320312,0.9955093860626221,971.067626953125,601.31640625,0.9981051683425903,838.31103515625,524.2454833984375,0.9995391368865967,718.2809448242188,465.350830078125,0.9522624015808105,565.9747924804688,427.5859375,0.9961137771606445
182,1177.8084716796875,585.26953125,0.9977697134017944,1123.9212646484375,550.3701171875,0.9997653365135193,1002.6959228515625,605.1835327148438,0.9894875288009644,1001.6231079101562,588.1294555664062,0.9868844747543335,1033.005126953125,556.0825805664062,0.9840654730796814,1064.971435546875,546.3497314453125,0.8793312311172485,1055.4757080078125,515.5859985351562,0.9706925749778748,924.9830322265625,493.875732421875,0.9804254174232483,913.448486328125,528.335205078125,0.9627698659896851,951.582763671875,541.6781005859375,0.9911314845085144,936.939453125,586.3577270507812,0.996131181716919,969.8170776367188,601.8599853515625,0.9985488057136536,848.9627685546875,519.0689086914062,0.999839186668396,727.8870849609375,459.2469787597656,0.958258330821991,578.4214477539062,420.64007568359375,0.9979283809661865
183,1187.2359619140625,586.144287109375,0.9994231462478638,1135.5321044921875,551.4860229492188,0.999434769153595,1006.7692260742188,598.0281372070312,0.994032084941864,1022.3134155273438,585.8206787109375,0.9835124611854553,1045.9901123046875,557.1375732421875,0.991324782371521,1077.7027587890625,546.6871337890625,0.9748332500457764,1070.6064453125,518.3308715820312,0.9835388660430908,933.2113647460938,492.0530090332031,0.9851168394088745,923.3905029296875,524.7290649414062,0.9750064015388489,959.8823852539062,543.7923583984375,0.9879636764526367,938.64697265625,584.1859130859375,0.9916630983352661,969.8869018554688,604.8163452148438,0.9941364526748657,859.1116333007812,513.7335205078125,0.9995250701904297,735.009765625,453.02435302734375,0.9711170196533203,590.1851806640625,415.95159912109375,0.9942067861557007
184,1198.0362548828125,582.673583984375,0.9859371781349182,1148.6121826171875,556.1741943359375,0.9986051917076111,1035.8746337890625,599.0100708007812,0.9944380521774292,1051.207763671875,589.029541015625,0.961094319820404,1063.4627685546875,558.2742919921875,0.971259355545044,1094.8424072265625,547.4228515625,0.9745154976844788,1084.5479736328125,521.0513305664062,0.9914552569389343,944.4192504882812,491.21142578125,0.9882147312164307,931.3209838867188,522.0852661132812,0.9873616695404053,964.7282104492188,544.6731567382812,0.9925014972686768,939.46630859375,583.8945922851562,0.989537239074707,970.2378540039062,607.1278686523438,0.9955202341079712,870.0782470703125,509.2750244140625,0.9996763467788696,750.5386352539062,449.76080322265625,0.9687952399253845,601.5977172851562,411.319580078125,0.9927990436553955
185,1200.928466796875,564.0734252929688,0.5985534191131592,1162.6497802734375,555.4283447265625,0.9986120462417603,1078.4239501953125,601.2193603515625,0.9978654980659485,1087.0665283203125,588.9624633789062,0.9898321628570557,1081.137939453125,557.6786499023438,0.9580846428871155,1112.1429443359375,546.4693603515625,0.9812864661216736,1100.072998046875,519.2449340820312,0.99010169506073,957.4640502929688,491.43585205078125,0.9865970015525818,942.5655517578125,523.0137939453125,0.9756048917770386,972.6014404296875,547.4068603515625,0.9927148222923279,941.3142700195312,582.7125244140625,0.9957601428031921,971.7318725585938,606.9933471679688,0.9938886165618896,881.4411010742188,507.27972412109375,0.9991961121559143,759.285888671875,445.3322448730469,0.9694921970367432,612.7376708984375,406.21002197265625,0.9974697828292847
186,943.85107421875,586.0469970703125,0.028576364740729332,1174.4520263671875,554.3984985351562,0.9989184141159058,1114.8980712890625,600.1876220703125,0.9922147393226624,1118.220458984375,589.3132934570312,0.9786995649337769,1105.4754638671875,560.9097290039062,0.9335939884185791,1131.9139404296875,547.3694458007812,0.9803551435470581,1118.1484375,522.4343872070312,0.9863856434822083,964.7223510742188,494.0765075683594,0.9775505065917969,951.2520141601562,524.4752807617188,0.9860463738441467,977.654052734375,550.82470703125,0.9961154460906982,941.6439819335938,581.9972534179688,0.9933271408081055,971.8397827148438,606.4541015625,0.9944595098495483,891.1943359375,509.04229736328125,0.9987727999687195,770.4843139648438,444.35113525390625,0.9752747416496277,624.587158203125,404.8970642089844,0.9972357153892517
187,1147.9661865234375,596.6369018554688,0.014779914170503616,1184.5631103515625,553.3335571289062,0.9983335137367249,1140.604248046875,598.8765869140625,0.997218132019043,1138.74072265625,588.6598510742188,0.9936462640762329,1120.1015625,562.0910034179688,0.8607771992683411,1146.7841796875,547.0735473632812,0.9864740371704102,1131.58203125,521.75146484375,0.9910576343536377,971.3665161132812,497.30853271484375,0.9836633205413818,956.1953735351562,527.2973022460938,0.9860497117042542,986.360107421875,552.4246826171875,0.9896960258483887,943.34619140625,581.1165161132812,0.9917356371879578,971.59033203125,606.3641357421875,0.992306649684906,899.4683227539062,510.8350524902344,0.9995834231376648,781.48583984375,446.99615478515625,0.9550359845161438,635.3770751953125,404.0276184082031,0.9955359697341919
188,948.32861328125,586.362060546875,0.010549105703830719,1192.7557373046875,553.7747192382812,0.9704062342643738,1166.642333984375,593.6420288085938,0.9975359439849854,1154.4066162109375,586.4913330078125,0.9937251210212708,1122.44189453125,568.1423950195312,0.6307450532913208,1157.0037841796875,548.5669555664062,0.9891490340232849,1139.6903076171875,522.2754516601562,0.9916927814483643,980.2721557617188,500.3810119628906,0.9776147603988647,965.17236328125,528.8895263671875,0.9884461164474487,989.6879272460938,558.7219848632812,0.9785027503967285,942.8322143554688,577.7879638671875,0.9967617392539978,973.6727294921875,606.8827514648438,0.9956329464912415,909.2919921875,511.7724914550781,0.9989280104637146,792.4175415039062,450.0610656738281,0.9776251316070557,646.9312133789062,405.5213317871094,0.9957064986228943
189,796.7205810546875,443.0456237792969,0.012504717335104942,1202.4630126953125,551.9588623046875,0.841780424118042,1186.2978515625,592.489013671875,0.8857734799385071,1181.1309814453125,588.3500366210938,0.6421403288841248,1133.8582763671875,566.056884765625,0.7138819098472595,1174.73486328125,548.8687744140625,0.975538969039917,1159.6619873046875,524.85498046875,0.989346981048584,989.994873046875,501.4169006347656,0.9781533479690552,972.6978149414062,530.60888671875,0.9864422082901001,994.5196533203125,563.4691162109375,0.9946106672286987,944.6490478515625,575.1254272460938,0.9972972273826599,971.6229248046875,605.8882446289062,0.9978898167610168,919.7998657226562,514.13623046875,0.9996770620346069,799.222412109375,452.5958251953125,0.978805422782898,658.2156982421875,411.0471496582031,0.9960021376609802
190,949.4553833007812,578.1340942382812,0.012412680312991142,1202.9012451171875,538.1928100585938,0.036436744034290314,1124.671142578125,601.5150146484375,0.025948673486709595,1200.878173828125,585.91015625,0.09674026817083359,1146.539306640625,566.2374877929688,0.6411322951316833,1186.7650146484375,548.2926635742188,0.8608607053756714,1170.8785400390625,525.1271362304688,0.9758185744285583,998.3392333984375,503.1182556152344,0.960838258266449,981.025634765625,531.7393798828125,0.9883100986480713,997.3668212890625,566.670166015625,0.991921067237854,949.4052734375,572.2241821289062,0.9975773692131042,971.3408203125,605.60107421875,0.9981763362884521,929.2041625976562,516.3685913085938,0.9998966455459595,811.9006958007812,455.1985778808594,0.9721377491950989,667.3817749023438,415.5288391113281,0.9926472902297974
191,825.9453735351562,451.92120361328125,0.0095601761713624,1009.67138671875,513.0333251953125,0.005979049019515514,971.4999389648438,608.9932861328125,0.023137493059039116,669.5767211914062,415.00579833984375,0.013990839011967182,1160.7523193359375,567.8720092773438,0.09911683201789856,1190.224365234375,551.689453125,0.3643190562725067,1177.6600341796875,525.8192138671875,0.8241354823112488,1007.2720947265625,503.0052490234375,0.9677167534828186,990.07373046875,533.87744140625,0.9847112894058228,1001.1134033203125,567.1240844726562,0.9835531711578369,953.3244018554688,569.847900390625,0.9965921640396118,971.396484375,606.2728271484375,0.9978411197662354,940.1366577148438,518.2520751953125,0.9994357228279114,821.116943359375,457.1424255371094,0.9684246778488159,676.9722290039062,417.0826110839844,0.9968388080596924
192,685.36328125,416.00201416015625,0.007730488665401936,946.9532470703125,538.0075073242188,0.008854243904352188,971.2166137695312,609.4077758789062,0.020016096532344818,1203.12353515625,594.1993408203125,0.04609373211860657,1189.3287353515625,568.2362060546875,0.23690181970596313,1197.661376953125,550.9625854492188,0.2770693898200989,1196.03125,526.0232543945312,0.5034330487251282,1013.865478515625,504.27642822265625,0.9557307958602905,995.0056762695312,531.9258422851562,0.9868953824043274,1006.3482055664062,565.798583984375,0.9872646331787109,958.1004028320312,567.4041748046875,0.9968481659889221,971.4146728515625,606.4231567382812,0.9974976181983948,949.7219848632812,519.6868896484375,0.9997913241386414,831.4246826171875,457.7859191894531,0.9510491490364075,687.3646850585938,416.9288330078125,0.9956573247909546
193,844.1337890625,451.62213134765625,0.010745193809270859,959.4103393554688,537.6665649414062,0.014040326699614525,971.3973999023438,609.439453125,0.011660718359053135,1205.711181640625,592.3765869140625,0.051854658871889114,1190.2808837890625,564.9135131835938,0.6077017188072205,1201.6990966796875,547.3605346679688,0.1805618405342102,1198.2860107421875,524.4442749023438,0.4832567274570465,1024.24072265625,502.0163269042969,0.9707822203636169,1006.839599609375,531.7377319335938,0.988696813583374,1010.1888427734375,564.308837890625,0.9861351251602173,962.5109252929688,567.12744140625,0.9989908337593079,971.4208374023438,606.3400268554688,0.9968530535697937,961.0784301757812,519.89306640625,0.9997114539146423,843.4314575195312,459.0386962890625,0.9626818895339966,697.8319702148438,417.12310791015625,0.9947176575660706
194,857.7407836914062,452.7406005859375,0.009257882833480835,971.9364013671875,534.4038696289062,0.021323248744010925,1124.7755126953125,596.3308715820312,0.07534533739089966,1123.004638671875,585.9682006835938,0.02808309718966484,1197.2947998046875,560.731689453125,0.16694141924381256,1200.2392578125,541.4256591796875,0.05563246086239815,1196.7645263671875,516.41357421875,0.47618985176086426,1034.5919189453125,501.7508239746094,0.9855672121047974,1019.1278076171875,531.463623046875,0.9852619767189026,1020.8552856445312,565.3384399414062,0.9643022418022156,970.6205444335938,564.6188354492188,0.9967647790908813,969.9638061523438,605.9459838867188,0.9950287938117981,972.46240234375,520.1092529296875,0.9994500279426575,853.11767578125,459.21649169921875,0.9769371747970581,708.8463134765625,418.3498840332031,0.9981380701065063
195,718.7047729492188,417.77984619140625,0.018649188801646233,984.8511962890625,534.3824462890625,0.027354298159480095,1124.6026611328125,596.216064453125,0.10717252641916275,1064.23583984375,579.2056884765625,0.018942318856716156,1198.4808349609375,557.9143676757812,0.11884821951389313,1015.7648315429688,538.6209106445312,0.0265449620783329,1199.266357421875,514.34619140625,0.4262983202934265,1045.8289794921875,500.55279541015625,0.961175262928009,1027.6444091796875,528.1398315429688,0.9940568208694458,1027.1038818359375,561.6025390625,0.9875325560569763,979.21923828125,564.3267822265625,0.9976067543029785,969.8995971679688,604.3298950195312,0.9955260157585144,983.9508666992188,519.3360595703125,0.9994404911994934,864.8251953125,460.52734375,0.9771578311920166,720.3384399414062,421.5819396972656,0.9972341656684875
196,728.8778686523438,421.9944763183594,0.01694556325674057,992.8025512695312,532.597900390625,0.01972336880862713,1134.835693359375,592.8635864257812,0.9514778256416321,1140.6884765625,580.6920776367188,0.5129862427711487,1177.89013671875,553.1475830078125,0.21183234453201294,1197.643798828125,541.89501953125,0.09431658685207367,1196.9737548828125,513.1700439453125,0.516522228717804,1062.5220947265625,495.4288024902344,0.9465827941894531,1041.248046875,524.7457275390625,0.986169695854187,1041.7529296875,558.1622314453125,0.9095698595046997,991.4766235351562,560.76904296875,0.9908567667007446,972.1965942382812,601.5968017578125,0.9852039813995361,995.802978515625,514.4603271484375,0.9998855590820312,873.3673095703125,460.17462158203125,0.9706683158874512,729.3121337890625,425.6273193359375,0.9940351843833923
197,1070.322021484375,582.9405517578125,0.03206900134682655,1006.0790405273438,530.6210327148438,0.015528915449976921,1153.8775634765625,589.4835815429688,0.7097825407981873,1163.19482421875,579.3607177734375,0.30948469042778015,1182.0537109375,547.4808959960938,0.19053660333156586,1047.6556396484375,535.1493530273438,0.03450556844472885,1200.4183349609375,512.2084350585938,0.2209583967924118,1074.3836669921875,493.0501708984375,0.9203658103942871,1054.043701171875,521.8502197265625,0.9752817749977112,1060.87841796875,554.8385620117188,0.8543995022773743,1008.3410034179688,557.6818237304688,0.9594444632530212,1154.8740234375,585.2233276367188,0.9285555481910706,1007.0342407226562,511.5744323730469,0.9989975094795227,882.4292602539062,459.3747253417969,0.980440080165863,737.1508178710938,430.09844970703125,0.995357096195221
198,892.8861694335938,451.6837158203125,0.013600721023976803,1017.560791015625,528.3923950195312,0.010221956297755241,1184.4573974609375,588.6904296875,0.5443700551986694,1190.8663330078125,578.1858520507812,0.0858658105134964,1198.1043701171875,545.0418090820312,0.01821788027882576,739.1251831054688,445.4270324707031,0.01699894666671753,1082.7047119140625,496.7614440917969,0.013314375653862953,1088.1864013671875,492.3760070800781,0.9721545577049255,1070.447265625,521.7505493164062,0.9803982377052307,1090.0291748046875,550.2794799804688,0.9950563907623291,1033.603515625,544.651611328125,0.9401154518127441,1187.6036376953125,585.73974609375,0.8376564383506775,1018.1381225585938,511.3840637207031,0.9991051554679871,894.9537353515625,460.8056640625,0.9667524695396423,747.667236328125,435.2587585449219,0.9966533780097961
199,906.4122924804688,452.4637145996094,0.010698394849896431,1027.523681640625,529.9029541015625,0.007612999062985182,1036.7244873046875,594.3720703125,0.42006877064704895,1039.3197021484375,590.5977783203125,0.025717541575431824,909.3422241210938,457.8634338378906,0.011498752050101757,748.1986083984375,444.09619140625,0.023238537833094597,750.4606323242188,446.10675048828125,0.009054591879248619,1102.1807861328125,493.1507263183594,0.9585237503051758,1085.381591796875,520.986328125,0.9874327778816223,1106.5211181640625,548.01513671875,0.994451105594635,1059.2532958984375,541.2869262695312,0.9341300129890442,1042.60107421875,581.7791137695312,0.3895866870880127,1028.2530517578125,512.106689453125,0.9998007416725159,904.3654174804688,461.3578186035156,0.9730240702629089,759.1005249023438,437.2699890136719,0.9975578784942627
200,767.50634765625,432.86358642578125,0.017719542607665062,1068.1463623046875,557.5377807617188,0.007879733107984066,1088.1546630859375,594.2616577148438,0.05240720883011818,765.0474243164062,435.80340576171875,0.022534945979714394,925.4487915039062,457.2744140625,0.006616636645048857,761.9833374023438,444.5110778808594,0.023148445412516594,765.3463134765625,446.42864990234375,0.008433624170720577,1109.5634765625,496.5598449707031,0.9778851866722107,1092.8431396484375,520.8094482421875,0.9907665252685547,1122.8905029296875,543.9088134765625,0.9922174215316772,1076.3248291015625,544.3789672851562,0.9975225329399109,1086.8712158203125,584.8828735351562,0.984237015247345,1039.980712890625,516.0594482421875,0.9997108578681946,912.957763671875,464.4533996582031,0.9809050559997559,770.1528930664062,436.5665588378906,0.9984613656997681
201,779.5446166992188,436.9523010253906,0.017249565571546555,1120.76220703125,512.8425903320312,0.007288394030183554,1126.2115478515625,596.2024536132812,0.026304246857762337,778.9599609375,437.7738952636719,0.015555830672383308,1130.899658203125,546.0248413085938,0.011049555614590645,771.0949096679688,445.79638671875,0.02153918705880642,1115.3021240234375,498.74505615234375,0.00958121195435524,1120.5081787109375,501.6565856933594,0.9706511497497559,1106.1993408203125,526.66162109375,0.9794734120368958,1136.1104736328125,546.7841186523438,0.9879040122032166,1097.3270263671875,565.7565307617188,0.9966570138931274,1124.4688720703125,592.9828491210938,0.9865109920501709,1051.3319091796875,521.589111328125,0.9989334940910339,925.9682006835938,467.67510986328125,0.9740042686462402,781.637939453125,438.35614013671875,0.9957122802734375
202,1121.409423828125,587.0066528320312,0.020750312134623528,1118.3271484375,526.2073364257812,0.008136309683322906,1156.5247802734375,596.9716186523438,0.059219975024461746,783.5355224609375,442.5166015625,0.023674488067626953,1144.282958984375,553.9353637695312,0.046112120151519775,780.4124145507812,444.87969970703125,0.021833235397934914,781.8340454101562,446.1868896484375,0.013039769604802132,1127.88818359375,504.4111633300781,0.9778247475624084,1115.732177734375,533.8450317382812,0.9870156049728394,1145.5965576171875,553.6569213867188,0.9586821794509888,1115.5511474609375,580.7926025390625,0.998180627822876,1151.1988525390625,593.8552856445312,0.9950360655784607,1060.2857666015625,526.2312622070312,0.9996331930160522,939.6078491210938,472.7443542480469,0.9692628979682922,792.81787109375,442.2362976074219,0.9945186972618103
203,1128.604736328125,589.8428344726562,0.08045925945043564,1136.13427734375,525.6905517578125,0.007901872508227825,1176.632568359375,595.21728515625,0.044765736907720566,797.3566284179688,446.4443664550781,0.03119884617626667,1160.156494140625,554.2329711914062,0.030415689572691917,795.2142333984375,460.2559509277344,0.022294649854302406,1131.1737060546875,506.57427978515625,0.009737185202538967,1136.49365234375,505.7976379394531,0.9720760583877563,1127.472900390625,535.6240844726562,0.977957010269165,1159.43115234375,555.0784301757812,0.9888806343078613,1130.6146240234375,587.2726440429688,0.9928712248802185,1168.0274658203125,592.8927001953125,0.9931539297103882,1071.2279052734375,530.5254516601562,0.9993522763252258,950.6439208984375,477.3708801269531,0.9782026410102844,804.3663940429688,447.96783447265625,0.9978310465812683
204,1152.03076171875,593.9912109375,0.03266098350286484,1075.9078369140625,548.99609375,0.007862280122935772,1198.1790771484375,594.5287475585938,0.009862812235951424,1199.338134765625,590.90234375,0.03396538645029068,1163.2032470703125,555.7969970703125,0.025042496621608734,1132.7010498046875,548.0767211914062,0.04884999245405197,1196.2158203125,608.1953735351562,0.036921095103025436,1144.185791015625,506.9563293457031,0.96808260679245,1136.373291015625,539.4364624023438,0.907257616519928,1170.5145263671875,557.5288696289062,0.9640085697174072,1146.9586181640625,591.5382080078125,0.9918904304504395,1175.027099609375,592.7175903320312,0.9263781309127808,1079.3797607421875,534.3619384765625,0.9997305274009705,959.1388549804688,480.8799743652344,0.9803345203399658,817.9207153320312,452.15545654296875,0.9981593489646912
205,1166.5108642578125,593.229248046875,0.13906335830688477,1148.5830078125,541.2771606445312,0.009483173489570618,835.495849609375,455.68505859375,0.009407512843608856,1170.255615234375,593.4995727539062,0.03744243457913399,1177.9794921875,554.5443115234375,0.029765285551548004,1146.1160888671875,547.4010620117188,0.05498029291629791,1145.61474609375,519.9681396484375,0.013546726666390896,1153.30419921875,506.0891418457031,0.9737952351570129,1146.789306640625,538.6084594726562,0.9091000556945801,1185.2596435546875,554.7189331054688,0.9513950347900391,1165.4134521484375,591.2086791992188,0.9570120573043823,1196.19580078125,588.5348510742188,0.09413789957761765,1088.8599853515625,535.4962768554688,0.9997102618217468,974.4478149414062,482.68408203125,0.9767091274261475,831.7486572265625,453.1985778808594,0.996317982673645
206,1181.2813720703125,591.7813110351562,0.03823340684175491,845.757080078125,464.06231689453125,0.007057768292725086,987.1875610351562,487.40362548828125,0.009391414001584053,1184.9732666015625,590.8965454101562,0.07851120084524155,1172.143310546875,551.9589233398438,0.02080109529197216,1150.3392333984375,547.2242431640625,0.052324485033750534,1151.23779296875,516.0565795898438,0.023522520437836647,1163.7841796875,505.4282531738281,0.9522483348846436,1156.4725341796875,537.826416015625,0.9450717568397522,1194.123779296875,551.4000854492188,0.9408484697341919,1175.6630859375,589.9346923828125,0.9426062107086182,1198.005859375,590.1034545898438,0.07830777019262314,1099.3365478515625,535.979736328125,0.9990274906158447,987.2299194335938,483.3534851074219,0.9836689829826355,844.3790283203125,452.4012756347656,0.9970782995223999
207,1195.3450927734375,588.3200073242188,0.03590511530637741,860.6134643554688,463.73870849609375,0.007577165961265564,1003.6896362304688,486.67266845703125,0.00714641809463501,1198.6302490234375,587.160888671875,0.18038929998874664,1005.5789184570312,473.12005615234375,0.01808065176010132,1163.314697265625,547.0881958007812,0.07815645635128021,1163.3780517578125,517.7821044921875,0.03624352440237999,1172.052734375,504.5109558105469,0.9800424575805664,1164.428466796875,538.6470336914062,0.9786454439163208,1203.2772216796875,548.4483032226562,0.8340950608253479,1186.422119140625,586.25,0.7914164662361145,1205.08203125,590.56689453125,0.012099895626306534,1108.6663818359375,532.6182250976562,0.9998376369476318,999.1198120117188,479.252685546875,0.983208954334259,857.8565673828125,450.7290954589844,0.9953579306602478
208,1120.642333984375,524.2098388671875,0.07352453470230103,867.9336547851562,450.0619812011719,0.0073677049949765205,1095.179443359375,601.0840454101562,0.06454872339963913,1205.284423828125,591.6231079101562,0.03562331944704056,1197.6624755859375,551.4343872070312,0.009507483802735806,1167.3480224609375,542.0926513671875,0.017488913610577583,1187.4749755859375,500.786865234375,0.015718065202236176,1178.390625,502.3377685546875,0.985706090927124,1169.802490234375,536.0347900390625,0.9473683834075928,1203.6761474609375,548.919677734375,0.14063964784145355,1196.2139892578125,587.376220703125,0.5115185976028442,1092.6861572265625,598.2454833984375,0.14479273557662964,1118.93310546875,527.8057250976562,0.9976915121078491,1009.9813842773438,471.4779968261719,0.9832747578620911,870.1651611328125,443.2283020019531,0.9963245987892151
209,1130.2781982421875,520.5172729492188,0.02441510371863842,1129.2620849609375,530.2408447265625,0.01090269722044468,1092.436767578125,597.9815673828125,0.06760100275278091,877.61669921875,429.64019775390625,0.02955666184425354,1197.4208984375,548.6837768554688,0.01296546682715416,1170.2550048828125,538.8262939453125,0.017963670194149017,1193.426513671875,500.2032775878906,0.02229655161499977,1185.936767578125,500.01690673828125,0.947391927242279,1177.2093505859375,533.7957763671875,0.8943136930465698,1204.31787109375,533.0650634765625,0.1070556640625,1108.20556640625,554.0159301757812,0.12639005482196808,1091.45947265625,596.5828247070312,0.40298017859458923,1129.525146484375,523.0676879882812,0.9981372356414795,1025.262939453125,461.6498718261719,0.9875029921531677,885.6517333984375,430.69482421875,0.9962342381477356
210,1138.9971923828125,513.38037109375,0.029691247269511223,894.4013671875,416.54522705078125,0.007449652533978224,1094.947265625,593.2715454101562,0.04706577584147453,892.1156005859375,414.3269348144531,0.034144192934036255,1036.837646484375,440.2206115722656,0.015446146950125694,1196.0211181640625,532.5989379882812,0.022440221160650253,1194.4813232421875,501.1546325683594,0.02324852906167507,1195.0255126953125,497.5199279785156,0.5887501239776611,1185.9757080078125,529.27734375,0.7151842713356018,1203.1993408203125,535.0475463867188,0.049484189599752426,1115.314208984375,549.6410522460938,0.6166064739227295,1093.5491943359375,589.8350219726562,0.7507184147834778,1136.131591796875,517.1604614257812,0.9997441172599792,1034.4342041015625,452.058349609375,0.9786188006401062,899.0166625976562,415.2544250488281,0.997367799282074
211,906.6770629882812,402.5266418457031,0.011829904280602932,1146.7340087890625,528.222900390625,0.010168174281716347,1104.322998046875,587.469970703125,0.036716777831315994,1146.6639404296875,510.0373840332031,0.021108198910951614,1054.3013916015625,441.273193359375,0.013494409620761871,899.4641723632812,413.4798889160156,0.02147839590907097,1198.6639404296875,496.365234375,0.009054583497345448,1200.3505859375,495.8616943359375,0.24037398397922516,1191.232421875,524.563720703125,0.7436226010322571,1201.4429931640625,536.1079711914062,0.01957050710916519,1123.2965087890625,548.6505737304688,0.9466961026191711,1102.8538818359375,586.8897705078125,0.9932996034622192,1144.546630859375,511.5905456542969,0.9970672726631165,1044.8287353515625,447.5978088378906,0.9816170930862427,908.5835571289062,402.7110290527344,0.9973331689834595
212,1155.3448486328125,508.5249328613281,0.021457290276885033,1152.1527099609375,534.131591796875,0.007263706531375647,1117.3251953125,589.2167358398438,0.05098797008395195,909.1603393554688,396.5608215332031,0.03275945037603378,1053.977294921875,441.4041748046875,0.01644078828394413,906.45654296875,396.2728576660156,0.02052469737827778,909.68896484375,399.58197021484375,0.01099512167274952,1203.3135986328125,496.2272644042969,0.06022362783551216,1197.431884765625,522.3947143554688,0.6616003513336182,1203.4344482421875,536.7156982421875,0.010001953691244125,1141.5262451171875,538.012451171875,0.41743049025535583,1117.849853515625,585.7954711914062,0.9500710964202881,1152.9766845703125,511.0733642578125,0.9986804127693176,1050.500732421875,441.72186279296875,0.9746334552764893,917.3533935546875,396.0292663574219,0.9980689883232117
213,922.7136840820312,389.7261047363281,0.012346708215773106,1150.803955078125,590.0143432617188,0.020000366494059563,1148.9500732421875,582.4978637695312,0.02470872364938259,1164.31640625,511.43316650390625,0.018335185945034027,1070.366943359375,441.4510498046875,0.012374503538012505,914.208740234375,397.6057434082031,0.023115307092666626,924.7764892578125,400.3275146484375,0.0070563675835728645,923.4220581054688,400.1106872558594,0.012339807115495205,1202.255859375,520.9356689453125,0.3619871139526367,923.2022094726562,376.3623352050781,0.0069190701469779015,1166.2379150390625,533.508544921875,0.6872252821922302,1149.1229248046875,575.4951782226562,0.7306638956069946,1162.9141845703125,514.6517944335938,0.9980195760726929,1060.4593505859375,446.2597961425781,0.9766530990600586,924.3858032226562,391.65423583984375,0.9952453970909119
214,1171.3277587890625,512.1737670898438,0.012501955032348633,1196.51171875,582.6058959960938,0.03600278124213219,1194.68212890625,584.0332641601562,0.00532265892252326,925.1937866210938,396.4953308105469,0.026927003636956215,1069.5382080078125,440.7383117675781,0.015362960286438465,922.2286376953125,396.1404724121094,0.01980438083410263,926.0908203125,399.8785705566406,0.009925607591867447,923.9735107421875,400.374755859375,0.010285417549312115,1202.1729736328125,525.774658203125,0.023769592866301537,923.0777587890625,395.2193298339844,0.005289420951157808,1188.1573486328125,547.1887817382812,0.21655115485191345,1194.919921875,572.5778198242188,0.4048154354095459,1167.828857421875,516.0552978515625,0.999497652053833,1066.58251953125,448.5788269042969,0.9732463955879211,932.1718139648438,394.9487609863281,0.9981542229652405
215,1179.8515625,518.5455932617188,0.008381551131606102,941.609130859375,415.4191589355469,0.008414345793426037,943.2080078125,397.5664367675781,0.005382108502089977,1180.1356201171875,512.2908935546875,0.015526115894317627,1068.106689453125,440.5521545410156,0.008133821189403534,931.069091796875,413.28656005859375,0.016070308163762093,924.707275390625,398.454833984375,0.009216442704200745,939.0048828125,411.0135192871094,0.01332275290042162,938.8659057617188,414.3656005859375,0.008087767288088799,1085.19921875,439.0009460449219,0.004844087641686201,1181.2623291015625,524.5151977539062,0.03621361404657364,1175.907470703125,522.42041015625,0.07967478036880493,1177.409912109375,519.5623168945312,0.9914905428886414,1072.5357666015625,454.5067443847656,0.9809922575950623,938.5750732421875,400.1397705078125,0.9966235160827637
216,943.104736328125,402.3159484863281,0.016901716589927673,947.682373046875,418.1471252441406,0.006798291578888893,948.12548828125,408.74853515625,0.009082762524485588,940.0541381835938,411.0458068847656,0.02901427447795868,1085.4947509765625,457.0783996582031,0.014122155494987965,937.6272583007812,412.2499694824219,0.029591483995318413,941.726806640625,415.06243896484375,0.011555197648704052,1079.9456787109375,469.027099609375,0.010970338247716427,939.3701782226562,413.19927978515625,0.00402577081695199,938.9166259765625,393.0800476074219,0.006644240114837885,1199.45849609375,513.048828125,0.027863087132573128,1191.78466796875,530.5714111328125,0.029402317479252815,1184.92578125,521.3091430664062,0.9858059287071228,1083.0654296875,458.20941162109375,0.967048168182373,946.1942138671875,406.3498840332031,0.9981082677841187
217,953.7772827148438,406.9095764160156,0.01128633413463831,956.9898681640625,416.0357666015625,0.006069655530154705,959.5977172851562,411.2263488769531,0.0053902314975857735,943.9673461914062,411.1510009765625,0.016071176156401634,1102.0045166015625,456.8432922363281,0.016644010320305824,940.4838256835938,412.8859558105469,0.016069870442152023,941.57177734375,414.1252746582031,0.010091686621308327,955.8511962890625,417.7252197265625,0.010059887543320656,957.3779296875,389.6737976074219,0.003921284805983305,953.9990234375,391.5810546875,0.005355916917324066,1199.285400390625,517.6218872070312,0.031230246648192406,1191.3433837890625,522.24169921875,0.012040412984788418,1194.8497314453125,521.4140625,0.794421374797821,1097.9022216796875,466.3547668457031,0.9832530617713928,954.8145751953125,411.01593017578125,0.9959608912467957
218,1199.001220703125,517.8649291992188,0.011555611155927181,959.5169677734375,417.0212097167969,0.0058415611274540424,965.3307495117188,410.4612731933594,0.0055129146203398705,956.9065551757812,412.13433837890625,0.026337334886193275,1101.0274658203125,457.2509765625,0.00836215354502201,954.3168334960938,412.3960266113281,0.017296932637691498,957.95166015625,415.9991760253906,0.010362301953136921,955.8024291992188,416.4189147949219,0.010450228117406368,974.4291381835938,390.4403991699219,0.00290477997623384,955.3399658203125,411.2494201660156,0.004296581726521254,1196.93212890625,516.5224609375,0.010800241492688656,1194.1328125,521.1997680664062,0.01083354838192463,1197.9552001953125,519.6533203125,0.21606725454330444,1104.13720703125,466.4644775390625,0.9803586006164551,964.2295532226562,410.24603271484375,0.998572826385498
219,971.0797119140625,405.1144714355469,0.010561415925621986,974.0113525390625,416.54425048828125,0.005500239320099354,979.0667114257812,409.6410217285156,0.005933504085987806,970.9457397460938,412.3656921386719,0.015254700556397438,1117.496337890625,457.41241455078125,0.011444020085036755,963.234130859375,413.7646179199219,0.020892592146992683,973.422607421875,415.84332275390625,0.0058070337399840355,971.7138061523438,415.90155029296875,0.00885095540434122,990.566162109375,391.87921142578125,0.003898962866514921,971.503662109375,392.2420349121094,0.006828694138675928,1116.972412109375,444.4259033203125,0.01071122195571661,974.4426879882812,404.8526611328125,0.011349369771778584,1199.04736328125,515.490966796875,0.06829437613487244,1118.0572509765625,464.9014587402344,0.9698665738105774,973.5820922851562,406.6322937011719,0.9963774085044861
220,981.15869140625,406.94873046875,0.008803495205938816,988.43798828125,416.1927185058594,0.007490397896617651,1116.703369140625,458.0050354003906,0.004082827363163233,1118.029541015625,456.5631408691406,0.014819592237472534,1134.2364501953125,457.49755859375,0.008290206082165241,977.6996459960938,413.6827392578125,0.022530939429998398,972.4173583984375,398.6397705078125,0.005923578981310129,987.5178833007812,413.7180480957031,0.012125314213335514,988.1365966796875,413.4455871582031,0.00436767702922225,1131.4090576171875,438.76031494140625,0.0057263304479420185,1133.998046875,444.84613037109375,0.009397733025252819,986.3348388671875,407.2998352050781,0.012404867447912693,1197.19140625,506.4019470214844,0.08824093639850616,1123.418212890625,459.0892639160156,0.9735257029533386,985.8807983398438,403.00604248046875,0.9973036050796509
221,1134.0191650390625,455.57281494140625,0.01114198099821806,1002.4537963867188,415.7479248046875,0.00576292909681797,1132.54638671875,456.4270324707031,0.009271346032619476,990.5905151367188,402.30810546875,0.013946381397545338,1133.7001953125,458.11529541015625,0.014387541450560093,987.3569946289062,411.8773193359375,0.02418431080877781,990.1917724609375,412.92767333984375,0.005837979260832071,1128.149169921875,462.3151550292969,0.01006273739039898,985.4821166992188,413.2973327636719,0.003360402537509799,1195.83056640625,464.79376220703125,0.007565825711935759,1194.9599609375,494.6369323730469,0.018660305067896843,1129.5582275390625,453.68084716796875,0.008869749493896961,1197.5831298828125,499.1627197265625,0.05397779494524002,1127.909423828125,454.3701171875,0.9738691449165344,997.0488891601562,402.24749755859375,0.9982523322105408
222,1003.5782470703125,405.088623046875,0.012991580180823803,1006.220703125,416.12249755859375,0.007979040034115314,1011.3141479492188,409.1143798828125,0.007117229048162699,1003.3270874023438,411.92645263671875,0.014805355109274387,1133.435791015625,441.37890625,0.008508252911269665,995.9734497070312,413.0059814453125,0.023212293162941933,1005.4610595703125,414.9206848144531,0.006955259945243597,1003.8045654296875,414.76239013671875,0.010716036893427372,1005.7635498046875,391.4977722167969,0.0042733424343168736,1194.9354248046875,455.50860595703125,0.008774777874350548,1150.1890869140625,445.89141845703125,0.013424533419311047,1004.7324829101562,408.4514465332031,0.01179827842861414,1196.142822265625,488.9110107421875,0.03985108807682991,1132.5855712890625,451.4595947265625,0.9752054214477539,1005.9827270507812,406.01904296875,0.9954078793525696
223,1197.622314453125,484.0975646972656,0.015006746165454388,1020.6163940429688,430.435302734375,0.006174026057124138,1148.4334716796875,457.0010070800781,0.005236245691776276,1006.5859375,412.5399169921875,0.025285977870225906,1150.673828125,457.3598327636719,0.010436971671879292,1003.746826171875,412.5677795410156,0.017566213384270668,1005.2263793945312,414.6276550292969,0.013032346032559872,1003.197021484375,415.5612487792969,0.010862953960895538,1146.78759765625,460.7324523925781,0.004777656868100166,1194.8685302734375,455.0953369140625,0.020313946530222893,1179.0101318359375,463.8143005371094,0.03463005647063255,1196.1173095703125,485.2057189941406,0.009382213465869427,1198.69189453125,485.1393737792969,0.028794318437576294,1139.019287109375,452.71917724609375,0.963297426700592,1015.8864135742188,413.1903076171875,0.9971956014633179
224,1198.28955078125,481.3962707519531,0.029820341616868973,1023.752685546875,431.54547119140625,0.005821722559630871,1149.5909423828125,456.7823486328125,0.00644303672015667,1199.6248779296875,478.5660095214844,0.03419750556349754,1149.58447265625,458.2089538574219,0.009920668788254261,1017.4541625976562,428.37640380859375,0.02255171164870262,1147.76220703125,464.5298156738281,0.006090402137488127,1020.0782470703125,428.1217346191406,0.007501044310629368,1021.231689453125,409.2754821777344,0.004557474050670862,1194.8935546875,454.25958251953125,0.03765203803777695,1179.5283203125,463.2976989746094,0.09713071584701538,1146.2576904296875,458.8034362792969,0.013394681736826897,1199.752685546875,482.14312744140625,0.02051267959177494,1146.7183837890625,455.0379638671875,0.9236443042755127,1023.6527709960938,417.5087585449219,0.9970881342887878
225,1199.567626953125,479.75823974609375,0.0333389975130558,1036.478271484375,432.1391296386719,0.007192644290626049,1150.22509765625,457.0687561035156,0.005787674803286791,1200.0643310546875,476.6102294921875,0.05998053029179573,1149.09912109375,458.8106994628906,0.0090029863640666,1020.8350830078125,427.7016296386719,0.024450603872537613,1162.6986083984375,464.8916015625,0.010521641001105309,1035.541748046875,431.75469970703125,0.012773748487234116,1037.5146484375,406.959228515625,0.003810934955254197,1194.935302734375,453.09613037109375,0.042633626610040665,1179.24365234375,462.44720458984375,0.22090548276901245,1147.4610595703125,458.2021484375,0.018063878640532494,1200.728515625,480.44378662109375,0.012973451055586338,1150.113525390625,455.2724304199219,0.8565390110015869,1033.833984375,422.49029541015625,0.9949807524681091
226,1196.7059326171875,473.23907470703125,0.02515721134841442,1039.19677734375,433.09918212890625,0.007507603149861097,1044.3994140625,427.5151062011719,0.006495140492916107,1192.72265625,473.0382080078125,0.06556552648544312,1164.771240234375,456.9083251953125,0.008801852352917194,1033.435546875,427.9231262207031,0.023818813264369965,1163.4423828125,464.3687744140625,0.017569005489349365,1036.52880859375,433.0011291503906,0.014330832287669182,1162.3564453125,460.29266357421875,0.003626699559390545,1194.6412353515625,445.85943603515625,0.04253319278359413,1178.9290771484375,461.9681091308594,0.22352978587150574,1195.72802734375,475.62139892578125,0.04921022802591324,1198.1358642578125,475.5313720703125,0.01882997155189514,1152.79931640625,456.96337890625,0.576371431350708,1042.33544921875,427.8762512207031,0.9973179697990417
227,1197.818359375,472.1534118652344,0.056576699018478394,1053.830078125,448.0527038574219,0.006240969989448786,1200.117919921875,478.6851806640625,0.0056756935082376,1200.109619140625,470.2917175292969,0.07897813618183136,1164.0201416015625,456.0161437988281,0.006070431787520647,1042.58349609375,444.7742004394531,0.019947940483689308,1195.2957763671875,481.3320617675781,0.007864207029342651,1051.41943359375,445.61773681640625,0.008726208470761776,1051.6025390625,445.6773376464844,0.003467316273599863,1195.5311279296875,451.84881591796875,0.06170736625790596,1179.019775390625,460.9142150878906,0.1636570543050766,1198.3681640625,473.4104919433594,0.04680553078651428,1200.0208740234375,473.7457275390625,0.014035066589713097,1159.21923828125,460.4047546386719,0.2672330141067505,1051.9588623046875,434.7690124511719,0.9981769323348999
228,1198.7208251953125,468.1397705078125,0.0627882108092308,1061.0472412109375,450.5792541503906,0.006527778692543507,1199.4954833984375,472.5265197753906,0.019873635843396187,1199.5599365234375,466.917236328125,0.1991024762392044,1194.67333984375,471.94219970703125,0.01054777204990387,1051.7386474609375,444.3229675292969,0.025047628208994865,1195.9971923828125,480.7027587890625,0.014716205187141895,1066.9649658203125,448.8404846191406,0.008478173054754734,1069.44677734375,422.06671142578125,0.006048461887985468,1195.5560302734375,452.044921875,0.04234812781214714,1194.3006591796875,467.1490173339844,0.08174174278974533,1197.348876953125,469.9052734375,0.023687778040766716,1199.971435546875,470.11920166015625,0.024801526218652725,1169.2745361328125,459.74346923828125,0.256334513425827,1063.3424072265625,440.77667236328125,0.9969136714935303
229,1201.4788818359375,465.1587219238281,0.01723107136785984,1075.91015625,450.19256591796875,0.004986725281924009,1199.8074951171875,466.0038146972656,0.019663196057081223,1202.6390380859375,458.9098205566406,0.0897156372666359,1194.433837890625,438.10260009765625,0.008507437072694302,1066.03662109375,443.6357727050781,0.021314265206456184,1195.820556640625,479.0002136230469,0.008879709988832474,1067.09228515625,447.5454406738281,0.0066697620786726475,1066.5487060546875,444.5901184082031,0.0034207524731755257,1194.2462158203125,436.8471984863281,0.05956946313381195,1196.2430419921875,458.9386901855469,0.04149694740772247,1197.4444580078125,466.1106262207031,0.039897073060274124,1201.068359375,463.7916564941406,0.01206191349774599,1192.1298828125,463.876953125,0.22481907904148102,1075.853271484375,439.43182373046875,0.9969165325164795
230,1201.6015625,453.0359191894531,0.010822572745382786,1092.2481689453125,448.76995849609375,0.005167341325432062,1200.5694580078125,455.95880126953125,0.009957653470337391,1202.1552734375,450.8866882324219,0.0465087927877903,1195.117919921875,457.6596374511719,0.009625731036067009,1081.057861328125,444.897216796875,0.01531190238893032,1194.3408203125,463.4014892578125,0.011363743804395199,1082.5302734375,440.674072265625,0.007353407330811024,1081.610595703125,446.44976806640625,0.004679516889154911,1191.528564453125,426.0545959472656,0.03935633599758148,1196.9261474609375,450.74310302734375,0.027945298701524734,1197.6533203125,456.62713623046875,0.01514658983796835,1200.6865234375,455.78680419921875,0.013933255337178707,1198.1136474609375,455.1608581542969,0.44992148876190186,1089.1300048828125,432.2227478027344,0.9976136684417725
231,1201.7633056640625,440.3705749511719,0.02069571614265442,1107.708740234375,433.6798400878906,0.004695387091487646,1200.5159912109375,441.0621337890625,0.010096346959471703,1100.1126708984375,419.6978454589844,0.028003396466374397,1195.3155517578125,441.6572265625,0.005997017491608858,1097.0382080078125,428.5190124511719,0.012666386552155018,1101.0357666015625,430.664794921875,0.008001483976840973,1099.2381591796875,430.57342529296875,0.007467789575457573,1100.15673828125,408.0527648925781,0.004464828409254551,1194.390869140625,416.1747131347656,0.013338257558643818,1198.310791015625,435.6641845703125,0.015550312586128712,1198.029052734375,441.1856689453125,0.016017239540815353,1201.4541015625,440.6660461425781,0.012760953046381474,1197.9495849609375,441.11956787109375,0.2482069581747055,1104.4647216796875,420.47772216796875,0.9975197911262512
232,1198.235595703125,420.35357666015625,0.01607315056025982,1197.2928466796875,429.8719787597656,0.004739152733236551,1200.061279296875,424.660400390625,0.020839650183916092,1116.8740234375,404.7563171386719,0.026811905205249786,1196.5198974609375,407.0558776855469,0.005115161184221506,1113.720458984375,412.1787414550781,0.009713131003081799,1118.261474609375,415.9879455566406,0.006645109038800001,1116.3828125,416.24786376953125,0.0046194675378501415,1115.5736083984375,390.9217529296875,0.003710856195539236,1195.1094970703125,407.2365417480469,0.024250179529190063,1198.1798095703125,418.52178955078125,0.009737617336213589,1197.4024658203125,424.7061767578125,0.019527476280927658,1199.072998046875,420.0219421386719,0.010746638290584087,1198.89892578125,424.1835021972656,0.19946545362472534,1120.7271728515625,405.6545104980469,0.9972652196884155
233,1135.8948974609375,387.26873779296875,0.018889227882027626,1146.1759033203125,399.924072265625,0.008459966629743576,1140.6903076171875,393.7364807128906,0.012992454692721367,1131.858642578125,395.1750793457031,0.0427359938621521,1145.8778076171875,391.6938171386719,0.0035766963846981525,1129.6153564453125,395.80450439453125,0.02328035794198513,1133.9345703125,399.7297668457031,0.010987760499119759,1146.838134765625,399.92987060546875,0.01127841416746378,1147.6375732421875,395.9054260253906,0.005459966138005257,1130.4927978515625,375.4954528808594,0.010838347487151623,1129.8045654296875,395.53973388671875,0.006307851988822222,1141.9097900390625,389.7657165527344,0.012690841220319271,1140.5611572265625,389.41229248046875,0.010303111746907234,1198.0567626953125,408.51702880859375,0.06616614758968353,1138.8004150390625,392.57440185546875,0.998537540435791
234,1149.4794921875,383.6981506347656,0.024526897817850113,1155.51904296875,400.1920166015625,0.007794334087520838,1155.5732421875,381.5782470703125,0.010986579582095146,1148.848388671875,385.63909912109375,0.050812073051929474,1145.420166015625,376.7872314453125,0.0046861725859344006,1145.315185546875,396.4009094238281,0.024497440084815025,1149.2001953125,383.77801513671875,0.009090641513466835,1146.0576171875,392.2714538574219,0.008565754629671574,1145.7039794921875,397.7568664550781,0.006859008222818375,1147.5672607421875,377.3258056640625,0.009112479165196419,1147.4835205078125,393.81378173828125,0.010334368795156479,1152.09521484375,380.459228515625,0.016694361343979836,1152.2490234375,381.4087829589844,0.00982687622308731,1162.351318359375,391.9355163574219,0.017743302509188652,1151.4290771484375,383.9124755859375,0.9972359538078308
235,1156.7750244140625,383.5538330078125,0.013458280824124813,1165.3759765625,399.109619140625,0.007263111416250467,1159.4866943359375,381.62591552734375,0.00487017584964633,1151.380126953125,381.02557373046875,0.03403651341795921,1162.7291259765625,375.1336975097656,0.00332769937813282,1146.46435546875,380.5058898925781,0.012298684567213058,1149.025634765625,382.1693420410156,0.011609934270381927,1163.545166015625,395.1930236816406,0.009913169778883457,1162.8519287109375,398.3932800292969,0.005434973631054163,1146.5810546875,378.382080078125,0.00477256067097187,1163.6474609375,394.4668884277344,0.00595624465495348,1162.35205078125,388.2168273925781,0.009686733596026897,1159.5965576171875,381.7718505859375,0.008858454413712025,1198.5997314453125,391.5452575683594,0.017868418246507645,1160.611328125,382.8633728027344,0.9937421679496765
236,1162.72802734375,388.4502258300781,0.015429435297846794,1166.2935791015625,399.8851318359375,0.008387747220695019,1171.6051025390625,392.1916198730469,0.011013700626790524,1162.8856201171875,389.0810852050781,0.011963391676545143,1159.4329833984375,396.3115539550781,0.0031245709396898746,1154.994384765625,397.1309814453125,0.02050863765180111,1164.3973388671875,398.9754943847656,0.005598888732492924,1162.9044189453125,398.1585388183594,0.009389586746692657,1163.814697265625,396.94061279296875,0.004701945930719376,1163.5672607421875,376.32843017578125,0.007995869033038616,1179.4609375,393.09234619140625,0.009531744755804539,1165.8758544921875,388.0079040527344,0.014313633553683758,1166.8448486328125,392.9062194824219,0.006991238333284855,1164.8050537109375,393.85516357421875,0.01285477727651596,1164.85107421875,388.8639831542969,0.995456337928772
237,1167.221923828125,399.2522888183594,0.02982139028608799,1168.445556640625,414.2140808105469,0.006831666454672813,1172.626708984375,396.6054382324219,0.007004150189459324,1163.3704833984375,398.3587951660156,0.030889522284269333,1160.6771240234375,394.4173583984375,0.004385699983686209,1162.6187744140625,412.78057861328125,0.025698332116007805,1165.6112060546875,398.493408203125,0.009222052991390228,1165.2423095703125,400.4036865234375,0.010102053172886372,1161.357177734375,413.30096435546875,0.006573410239070654,1163.4725341796875,394.20458984375,0.00787883810698986,1165.3365478515625,409.76947021484375,0.005670929793268442,1168.219482421875,395.92236328125,0.01027205865830183,1168.970458984375,396.98974609375,0.008983136154711246,1196.2958984375,406.42059326171875,0.018251489847898483,1169.2332763671875,398.1676025390625,0.9868440628051758
238,1176.3326416015625,406.4665832519531,0.015418434515595436,1180.0487060546875,415.00244140625,0.009914549998939037,1181.247314453125,410.00506591796875,0.009261749684810638,1167.31884765625,410.7464599609375,0.02180073782801628,1177.277099609375,409.8416748046875,0.004975237417966127,1164.1123046875,412.5028076171875,0.022381721064448357,1165.764892578125,414.2693176269531,0.011600580997765064,1179.0633544921875,416.1236877441406,0.014809105545282364,1180.1796875,413.27801513671875,0.005073543172329664,1162.2869873046875,411.5784912109375,0.005549774970859289,1196.9442138671875,408.54803466796875,0.011219284497201443,1179.58447265625,405.4621276855469,0.03217218071222305,1180.4552001953125,411.4804992675781,0.01212758757174015,1177.8087158203125,411.7098083496094,0.02466818317770958,1176.0369873046875,409.75396728515625,0.9889782071113586
239,1179.891845703125,414.48016357421875,0.01561135146766901,1182.7548828125,430.8945617675781,0.010816759429872036,1183.394775390625,414.68780517578125,0.008399857208132744,1178.126708984375,415.54461669921875,0.018643617630004883,1179.285400390625,408.2543640136719,0.005342434626072645,1165.5712890625,428.0487060546875,0.03612697497010231,1181.2890625,415.8219299316406,0.00911896862089634,1178.5518798828125,427.0618896484375,0.010810588486492634,1178.9671630859375,430.3332214355469,0.011513199657201767,1179.866455078125,409.2603759765625,0.01312230248004198,1197.0238037109375,412.55224609375,0.008363672532141209,1186.7657470703125,414.2606506347656,0.021076781675219536,1181.584716796875,414.34539794921875,0.011495743878185749,1180.0701904296875,421.1680603027344,0.018381869420409203,1179.3099365234375,416.78057861328125,0.9884315729141235
240,1183.233642578125,425.510009765625,0.0347789041697979,1194.668701171875,432.2626647949219,0.006841424852609634,1188.519287109375,425.22381591796875,0.014171179383993149,1181.2628173828125,427.6095275878906,0.03326971456408501,1175.9698486328125,426.25823974609375,0.0032341396436095238,1177.1365966796875,427.44970703125,0.014661077409982681,1181.895263671875,431.5610046386719,0.006920780520886183,1179.5628662109375,432.0569763183594,0.008405049331486225,1180.3787841796875,406.86846923828125,0.006448203697800636,1177.474365234375,408.26556396484375,0.007053391542285681,1195.588134765625,426.2951354980469,0.00917874276638031,1189.66845703125,422.9670715332031,0.03256198763847351,1186.151611328125,426.3450927734375,0.0097483079880476,1193.770751953125,429.1317138671875,0.03921738639473915,1184.5887451171875,424.8295593261719,0.9626544117927551
241,1188.0150146484375,428.8204345703125,0.03878171741962433,1195.1656494140625,431.5986328125,0.007946654222905636,1191.1729736328125,427.58392333984375,0.009859804064035416,1196.38916015625,427.9048767089844,0.02323867753148079,1195.108642578125,423.8556823730469,0.0025314195081591606,1193.7723388671875,427.5279846191406,0.007633734494447708,1181.0445556640625,430.64337158203125,0.006392720155417919,1178.6287841796875,432.4330749511719,0.00431074621155858,1196.1640625,426.9665832519531,0.006564734503626823,1196.512451171875,424.0475769042969,0.00594469765201211,1194.7156982421875,430.0852355957031,0.00713198259472847,1194.28271484375,427.654296875,0.02901776321232319,1196.4090576171875,428.684326171875,0.011061493307352066,1193.4383544921875,431.05841064453125,0.011983305215835571,1189.3802490234375,429.5730285644531,0.9476791024208069
242,1196.7147216796875,426.0527038574219,0.03758323937654495,1197.6749267578125,431.03326416015625,0.008690967224538326,1199.263916015625,426.17364501953125,0.019746841862797737,1198.96484375,428.1353454589844,0.022931654006242752,1193.486083984375,426.9361877441406,0.004135727416723967,1191.7852783203125,428.4947509765625,0.013773181475698948,1195.3519287109375,430.91253662109375,0.006038775201886892,1194.69775390625,430.6527099609375,0.008332873694598675,1195.3858642578125,406.5815734863281,0.005829773377627134,1194.221923828125,408.39093017578125,0.012627499178051949,1195.4837646484375,416.1385192871094,0.006595505401492119,1197.45263671875,422.9615173339844,0.06111713871359825,1200.737060546875,426.74139404296875,0.0115134222432971,1196.3306884765625,426.8941955566406,0.01877422444522381,1196.40869140625,425.7968444824219,0.8770061731338501
243,-2.2858386039733887,591.4263916015625,0.00037353200605139136,-0.06720876693725586,588.1997680664062,0.0001391412370139733,0.11720824241638184,590.5439453125,0.0002988842607010156,-2.864504814147949,590.9447021484375,0.0005144218448549509,1.5052099227905273,583.0479736328125,0.0004473711014725268,-1.7570748329162598,588.0330810546875,0.00021316153288353235,1.8173139095306396,609.5164794921875,0.00024246367684099823,0.8883321285247803,607.1996459960938,0.0006425682222470641,2.280756950378418,554.9505615234375,0.0001411541597917676,2.0620198249816895,582.9977416992188,0.00033839288516901433,-0.26381826400756836,590.2002563476562,0.00022431090474128723,-3.554128646850586,591.2711791992188,0.0001610898762010038,-0.19437074661254883,592.0263061523438,0.0002137234405381605,-0.09232187271118164,596.9011840820312,0.0011678676819428802,873.6161499023438,730.8114624023438,0.002859697677195072
244,-2.7647604942321777,591.1914672851562,0.00029260662267915905,-0.016921520233154297,587.9545288085938,0.0001360391906928271,0.2806568145751953,590.4862060546875,0.00029520917451009154,-3.2451133728027344,591.0785522460938,0.000410005945013836,1.3148095607757568,583.134521484375,0.00040188326966017485,-1.6981844902038574,588.0678100585938,0.00018926788470707834,1.7669408321380615,609.4760131835938,0.00023715157294645905,1.036064624786377,607.64990234375,0.0005559831624850631,2.479874610900879,554.87158203125,0.00014524883590638638,2.109818935394287,583.4536743164062,0.00029172110953368247,-0.8468508720397949,590.147705078125,0.00016319091082550585,-3.448986053466797,591.390380859375,0.00014032147009857,-0.29118967056274414,591.6952514648438,0.0001834496360970661,-0.24139118194580078,596.1568603515625,0.0008969175396487117,874.0000610351562,730.51513671875,0.0032661762088537216
245,-2.8866348266601562,591.3885498046875,0.0002480587863828987,-0.31371068954467773,587.6011352539062,0.00012969870294909924,0.5369694232940674,590.8035278320312,0.00026848589186556637,-3.3562474250793457,591.322265625,0.00039857198134995997,1.39884614944458,583.0328369140625,0.0004142560646869242,-2.190326690673828,587.91796875,0.0001725893234834075,1.2985920906066895,609.8048095703125,0.0002880659594666213,0.8712351322174072,607.5851440429688,0.0006176402675919235,2.307399272918701,554.8931884765625,0.00015143159544095397,1.7783372402191162,583.244873046875,0.0003312647168058902,-0.5925893783569336,590.2752075195312,0.00013803265755996108,-3.5710535049438477,591.6119384765625,0.00013512425357475877,-0.40555381774902344,592.0695190429688,0.00014773009752389044,0.1984720230102539,596.6422729492188,0.0009863394079729915,873.7241821289062,730.9324951171875,0.0036161041352897882
246,-2.162717819213867,591.6474609375,0.0003670562291517854,-0.07980585098266602,587.8682250976562,0.0001612733758520335,0.1606922149658203,590.7928466796875,0.0003457283310126513,-2.5897774696350098,591.125,0.0004986254498362541,1.6440327167510986,583.1264038085938,0.00048635757411830127,-1.879014492034912,587.959716796875,0.00021855940576642752,1.8466644287109375,609.4832763671875,0.00028790123178623617,1.0880615711212158,607.3402709960938,0.0007655782392248511,2.237722396850586,554.9475708007812,0.00014654330152552575,1.9529426097869873,582.9674682617188,0.00043458573054522276,0.08030271530151367,590.2963256835938,0.0002526724128983915,-3.464236259460449,591.6159057617188,0.00019343916210345924,-0.10855674743652344,592.1975708007812,0.00022608682047575712,0.19084572792053223,597.05224609375,0.001330588711425662,-2.157650947570801,596.619140625,0.0013352539390325546
247,-2.2647299766540527,591.6373291015625,0.0003121577901765704,-0.014096736907958984,587.6824340820312,0.00012369015894364566,0.16039395332336426,590.789794921875,0.00028768094489350915,-2.903700351715088,591.1944580078125,0.0003748222370631993,1.1762244701385498,583.1679077148438,0.0004538047651294619,-1.9115009307861328,587.86962890625,0.00017020039376802742,1.64223051071167,609.3673706054688,0.0002328246337128803,1.0212907791137695,607.439208984375,0.0006177782779559493,2.1622447967529297,554.980224609375,0.0001472604926675558,1.883540391921997,582.9769287109375,0.0003561655175872147,-0.38065671920776367,590.2806396484375,0.0001769422524375841,-3.560229778289795,591.599609375,0.00014308553363662213,-0.10274267196655273,591.9911499023438,0.00017435819609090686,-0.11557674407958984,597.02197265625,0.0008644751505926251,874.02783203125,730.8899536132812,0.0042550694197416306
248,-2.572038173675537,591.264404296875,0.0002910654875449836,-0.3205533027648926,587.4495239257812,0.0001302049058722332,0.1548905372619629,590.6951293945312,0.0002687499509193003,-3.325425148010254,591.1417846679688,0.0003732584591489285,1.4911398887634277,583.3971557617188,0.0004208908649161458,-2.0281710624694824,588.0906372070312,0.00017593588563613594,0.15411686897277832,593.7646484375,0.0001845568767748773,0.8710901737213135,607.526611328125,0.00046649196883663535,2.588930606842041,554.96728515625,0.00014129960618447512,1.930464506149292,583.3888549804688,0.0003023639728780836,-0.5075516700744629,590.1016235351562,0.00014922075206413865,-3.676936149597168,591.5756225585938,0.00013548860442824662,-0.4536762237548828,591.8506469726562,0.00016229569155257195,-0.23599004745483398,596.17919921875,0.0007970895385369658,873.5772705078125,731.0130004882812,0.002093957969918847
249,-2.6961441040039062,591.4150390625,0.0002706372761167586,-0.21160554885864258,587.5177001953125,0.00012510991655290127,0.7384777069091797,601.2702026367188,0.00029856330365873873,-3.2410941123962402,591.3079223632812,0.0004296505940146744,1.2921526432037354,583.0355834960938,0.00044301271555013955,-2.1779956817626953,587.9403686523438,0.0001850964908953756,1.1678502559661865,609.601318359375,0.0003075295244343579,0.9931654930114746,607.5537109375,0.0007939602364785969,2.383147716522217,554.8590698242188,0.00013775507977697998,1.8621888160705566,583.2412719726562,0.00034092640271410346,-0.6188793182373047,590.2732543945312,0.00015690094733145088,-3.415329933166504,591.7095336914062,0.00014620693400502205,-0.33661890029907227,592.1656494140625,0.00015629411791451275,0.2536156177520752,596.5906982421875,0.0010338583961129189,873.9454956054688,730.5796508789062,0.0033332062885165215
250,-4.902336120605469,561.7581176757812,0.00024645880330353975,-1.0756959915161133,553.8673706054688,0.00011776277824537829,0.3229055404663086,590.4533081054688,0.00023016850173007697,-3.350747585296631,591.0291748046875,0.00035409117117524147,1.3310680389404297,583.2953491210938,0.000351151917129755,-2.057252883911133,588.1019287109375,0.00016337729175575078,1.2504549026489258,609.3272094726562,0.0001890188141260296,0.7790424823760986,607.4208374023438,0.0005095028900541365,2.254715919494629,555.069091796875,0.0001526495034340769,3.6079936027526855,556.2254638671875,0.0002871241304092109,-0.6051497459411621,590.1650390625,0.00013280440180096775,-3.769378662109375,591.392578125,0.00011199249274795875,-0.3803234100341797,591.5032348632812,0.00013896726886741817,-0.21486568450927734,596.076171875,0.000784796429798007,873.650634765625,730.8823852539062,0.00217796815559268
251,-2.564713478088379,591.4506225585938,0.00025959123740904033,-0.12194538116455078,587.6412963867188,0.00012192588474135846,0.31472229957580566,590.8014526367188,0.00024935303372330964,-3.1341958045959473,591.1409912109375,0.0003557306481525302,1.256171464920044,583.2128295898438,0.00041974172927439213,-2.0630369186401367,587.9999389648438,0.00016763673920650035,1.3647325038909912,609.4141235351562,0.00017276962171308696,0.8013122081756592,607.5481567382812,0.00045391812454909086,2.1367359161376953,554.872314453125,0.0001527888816781342,3.6304025650024414,556.3446044921875,0.00031749819754622877,-0.4564352035522461,590.2443237304688,0.00015027135668788105,-3.597222328186035,591.584228515625,0.00012740686361212283,-0.2209019660949707,591.9397583007812,0.00015067181084305048,-0.005605220794677734,596.5870361328125,0.0007882915087975562,874.14697265625,730.9896850585938,0.005959313828498125
252,-2.602621555328369,591.1796875,0.0002991371147800237,-0.0384221076965332,587.6905517578125,0.00014452188042923808,0.41712141036987305,590.505615234375,0.0002632744435686618,-3.2684149742126465,591.0053100585938,0.0003783954307436943,1.2463173866271973,583.236572265625,0.0004390133253764361,-2.0822954177856445,588.0239868164062,0.000173075488419272,0.18751931190490723,593.921630859375,0.00017413125897292048,0.7540512084960938,607.3733520507812,0.0004288654890842736,2.276823043823242,554.9500732421875,0.00013134416076354682,1.761077642440796,583.2697143554688,0.0003255037881899625,-0.5908298492431641,590.2092895507812,0.00015730722225271165,-3.6161770820617676,591.2655639648438,0.00013559537183027714,-0.3096170425415039,591.6741943359375,0.00016153101751115173,0.09611940383911133,596.4471435546875,0.0009035221301019192,873.781982421875,730.9833984375,0.002322790212929249
253,-2.5212721824645996,591.4606323242188,0.0002549670170992613,-0.24399709701538086,587.7056884765625,0.0001279638963751495,0.5428411960601807,590.7494506835938,0.00024643130018375814,-3.243805408477783,591.1845092773438,0.0003556694427970797,1.392820119857788,583.2442626953125,0.0003700308152474463,-2.229184627532959,588.06689453125,0.00016240327386185527,1.4827041625976562,609.530029296875,0.00021023339650128037,0.8702938556671143,607.6419677734375,0.0005272022099234164,2.4398694038391113,554.8510131835938,0.00015727017307654023,3.62373685836792,556.3300170898438,0.0003262344980612397,-0.4080991744995117,590.2962646484375,0.00014294384163804352,-3.6920571327209473,591.6140747070312,0.00012700863589998335,-0.22773456573486328,592.0001220703125,0.00014945513976272196,0.035794734954833984,596.664794921875,0.0008583086892031133,873.9410400390625,730.7208251953125,0.0034951712004840374
254,-2.2830991744995117,591.2588500976562,0.0003417969564907253,-0.14376068115234375,587.7736206054688,0.000195035056094639,0.3491404056549072,590.6865234375,0.0003091363178100437,-2.780059337615967,591.0004272460938,0.0004457388713490218,1.3552613258361816,583.0908203125,0.0005099005647934973,-1.8046436309814453,587.9724731445312,0.0002216681750724092,1.7140781879425049,609.3355712890625,0.0002568609197624028,1.040550708770752,607.5108642578125,0.0007592493784613907,2.2902450561523438,554.9227905273438,0.00014810048742219806,1.940587043762207,583.0365600585938,0.00041707736090756953,-0.27285146713256836,590.1008911132812,0.00021063466556370258,-3.2541556358337402,591.2255859375,0.00017934199422597885,-0.12865066528320312,591.78759765625,0.00021373912750277668,0.3299994468688965,596.484130859375,0.0011638435535132885,874.5354614257812,730.5955810546875,0.012142708525061607
255,-2.3486247062683105,591.7488403320312,0.0003456581325735897,0.0858604907989502,587.7710571289062,0.0001360367314191535,0.30132198333740234,590.9279174804688,0.0002542792644817382,-3.178157329559326,591.3882446289062,0.00040601924411021173,1.276984691619873,583.1594848632812,0.00043828782509081066,-1.9365897178649902,587.9082641601562,0.0001827570522436872,1.898127555847168,609.304931640625,0.0002366636908845976,1.0173978805541992,607.5489501953125,0.0005988465854898095,2.2901999950408936,554.7289428710938,0.0001489784917794168,1.9441423416137695,582.936279296875,0.00036377349169924855,-0.4568319320678711,590.565185546875,0.00018772385374177247,-3.484351634979248,591.6583251953125,0.00014428696886170655,-0.20023488998413086,592.38916015625,0.00017828727141022682,0.010829925537109375,597.3070678710938,0.0008806859841570258,873.6420288085938,730.8529052734375,0.006977628450840712
256,-2.2867703437805176,591.2954711914062,0.000322811771184206,0.1541152000427246,587.7931518554688,0.00015532055112998933,0.4296731948852539,590.5533447265625,0.0002959376433864236,-2.871584415435791,590.9940795898438,0.0004031933785881847,1.3242647647857666,583.1900634765625,0.00046493910485878587,-1.8539972305297852,587.869140625,0.0001944790710695088,1.7152764797210693,609.4991455078125,0.0002468037710059434,1.1125056743621826,607.53662109375,0.0006522944313474,2.2734246253967285,554.8807983398438,0.00014029363228473812,1.8368868827819824,583.1382446289062,0.0003497903817333281,-0.3265566825866699,590.312255859375,0.00019957340555265546,-3.4624972343444824,591.3736572265625,0.00015612402057740837,0.05233311653137207,591.6489868164062,0.00018725778500083834,0.276569128036499,596.6392822265625,0.0010989524889737368,873.7218627929688,730.7854614257812,0.0020842477679252625
257,-2.2820558547973633,591.365234375,0.00031043318449519575,-0.049597740173339844,587.6442260742188,0.0001545177074149251,0.31397414207458496,590.6306762695312,0.0003367326280567795,-2.8947572708129883,590.9388427734375,0.00039267391548492014,1.23026442527771,583.3487548828125,0.0004894016310572624,-1.9192299842834473,588.040771484375,0.00018683081725612283,1.6854734420776367,609.2271118164062,0.00023454091569874436,0.93424391746521,607.5122680664062,0.0005883129197172821,2.305255889892578,554.6768798828125,0.00015021806757431477,1.9152319431304932,583.0493774414062,0.0003864478785544634,-0.34453535079956055,589.960205078125,0.0001830102555686608,-3.4258804321289062,591.3904418945312,0.00016627769218757749,-0.07354402542114258,591.5438232421875,0.0001935734908329323,0.05703473091125488,596.6173706054688,0.0009582566563040018,873.5379028320312,730.869384765625,0.0012551156105473638
258,-2.0176000595092773,591.30419921875,0.00046555817243643105,0.28519392013549805,587.9534301757812,0.00017953892529476434,0.3416759967803955,590.4598388671875,0.00035850293352268636,-2.684840679168701,590.9746704101562,0.0005050257896073163,1.486940860748291,583.23583984375,0.0005496528465300798,-1.7101192474365234,587.9179077148438,0.00024547826615162194,2.0071702003479004,609.2911376953125,0.0003192571457475424,1.1681163311004639,607.4124755859375,0.0008135584648698568,2.2177820205688477,554.8596801757812,0.0001544847182231024,1.9912607669830322,583.1587524414062,0.00042312676669098437,-0.1611785888671875,590.2559204101562,0.00026795323356054723,-3.244467258453369,591.2504272460938,0.0001997630315599963,0.024450063705444336,591.8305053710938,0.000246550451265648,0.2776200771331787,596.705322265625,0.0013587898574769497,873.68115234375,730.9210815429688,0.004754825495183468
259,-2.1081366539001465,591.540283203125,0.0004398395831231028,-0.021510601043701172,587.7661743164062,0.00017370273417327553,0.13890767097473145,590.7664184570312,0.0003897483693435788,-2.53159236907959,591.1024169921875,0.0005636339774355292,1.6693966388702393,583.0830688476562,0.0005687539814971387,-1.7542691230773926,587.8309326171875,0.00024505547480657697,2.0031261444091797,609.7368774414062,0.0003797263198066503,1.285874605178833,607.5693359375,0.0009795761434361339,1.0758357048034668,587.343505859375,0.0001467541733291,2.155010223388672,582.984619140625,0.00044568211887963116,0.08807039260864258,590.1857299804688,0.0002752090513240546,-3.3172059059143066,591.6162719726562,0.0002259618486277759,-0.18668270111083984,592.0482177734375,0.0002551549987401813,0.3370366096496582,596.9329223632812,0.0015467883786186576,874.2259521484375,730.5794677734375,0.006286038085818291
260,-2.0426321029663086,591.609130859375,0.00037984835216775537,0.1603090763092041,587.8617553710938,0.00016012370178941637,0.22901630401611328,590.7523803710938,0.0003381502174306661,-2.651097297668457,591.1421508789062,0.000477942026918754,1.3801863193511963,583.1680297851562,0.000519861001521349,-1.770972728729248,587.8389892578125,0.00021882860164623708,1.9665348529815674,609.1494140625,0.00025860164896585047,1.081864595413208,607.5179443359375,0.0007090775179676712,2.307616710662842,554.8734741210938,0.00014559438568539917,2.000143051147461,582.8612060546875,0.0004381543549243361,-0.169830322265625,590.2278442382812,0.00024288269923999906,-3.2662196159362793,591.4346313476562,0.00019099737983196974,0.003780364990234375,591.8675537109375,0.00022673465718980879,0.0936269760131836,596.9319458007812,0.0011096388334408402,873.4519653320312,730.8573608398438,0.003497188212350011
261,-2.4585890769958496,591.4977416992188,0.0002865602436941117,-0.13973569869995117,587.94580078125,0.00011871539027197286,0.195298433303833,590.6094360351562,0.0002706721134018153,-3.04831600189209,591.2161865234375,0.00040869988151825964,1.536895751953125,583.1217651367188,0.00037400342989712954,-1.9609146118164062,587.9039916992188,0.00018348288722336292,1.6820993423461914,609.6758422851562,0.0003157708852086216,1.0096001625061035,607.4750366210938,0.0007299132994376123,2.413944721221924,554.9550170898438,0.00015363533748313785,2.0017471313476562,583.313232421875,0.00029181319405324757,-0.4258122444152832,590.4577026367188,0.0001539763034088537,-3.7985057830810547,591.4613647460938,0.00012600101763382554,-0.30115413665771484,592.1539306640625,0.00017451454186812043,-0.2075343132019043,596.9507446289062,0.0010273498483002186,873.9417114257812,731.0422973632812,0.007186524569988251
262,-4.961671829223633,561.7950439453125,0.00028206981369294226,-1.027879238128662,553.7100219726562,0.00013469421537593007,0.5162427425384521,590.6193237304688,0.00027962890453636646,-3.3874473571777344,591.0780639648438,0.00046434582327492535,1.2777485847473145,583.0175170898438,0.0004176303627900779,-1.9562392234802246,588.0668334960938,0.00018069491488859057,1.6179516315460205,609.4849243164062,0.00022407897631637752,1.0389249324798584,607.4723510742188,0.0005165883339941502,2.5603129863739014,554.8016357421875,0.00020061280520167202,4.05923318862915,556.4874267578125,0.00038904251414351165,-0.7831110954284668,590.2239379882812,0.00019034688011743128,-3.3372201919555664,591.6353759765625,0.00014929816825315356,-0.1480393409729004,591.93115234375,0.00017357178148813546,0.13121843338012695,596.5040283203125,0.0009964368073269725,873.9151000976562,730.8580322265625,0.0016097387997433543
263,-2.2846293449401855,591.203125,0.000315362645778805,0.1443939208984375,587.7486572265625,0.0001565113925607875,0.41701173782348633,590.5053100585938,0.0003030898224096745,-3.033522129058838,590.9071044921875,0.00038704805774614215,1.1607866287231445,583.3408813476562,0.00047986043500714004,-1.9215922355651855,588.0116577148438,0.00019234594947192818,1.6651804447174072,609.4114990234375,0.0002574255340732634,1.1089534759521484,607.263671875,0.0007329300278797746,2.250464916229248,554.7697143554688,0.00014768404071219265,1.7453813552856445,583.140869140625,0.00039477128302678466,-0.30721473693847656,590.1979370117188,0.00019122807134408504,-3.4170589447021484,591.3170776367188,0.00016150575538631529,-0.03461265563964844,591.60791015625,0.00018776806246023625,0.35520195960998535,596.5809326171875,0.0010405464563518763,873.8689575195312,730.6001586914062,0.0032683657482266426
264,-2.2458343505859375,591.645263671875,0.000323493528412655,0.052384138107299805,587.63427734375,0.00014359218766912818,0.7809140682220459,601.3795166015625,0.000338531332090497,-2.963975429534912,591.4810180664062,0.00041388365207239985,1.388021469116211,582.8702392578125,0.00048270271508954465,-1.9665217399597168,587.6672973632812,0.00020044532720930874,1.507394552230835,609.8787841796875,0.00034893627162091434,1.1491191387176514,607.7860107421875,0.000752547406591475,2.3611459732055664,554.8823852539062,0.0001629788166610524,1.8131906986236572,582.9229125976562,0.00042036359081976116,-0.3803229331970215,590.5072021484375,0.0001656388776609674,-3.353311061859131,591.6990966796875,0.00015819392865523696,-0.024526119232177734,592.438720703125,0.0001857465977082029,0.4857020378112793,597.356689453125,0.0013036124873906374,874.0488891601562,731.0628051757812,0.0037445398047566414
265,-2.5658035278320312,591.3638916015625,0.00026782145141623914,-0.2645554542541504,587.68212890625,0.00012634524318855256,0.6406762599945068,601.45068359375,0.0002944786101579666,-3.1898422241210938,591.2838134765625,0.0004025544913019985,1.3688650131225586,583.020751953125,0.0004111427697353065,-2.2096662521362305,587.938720703125,0.00017342371575068682,1.3548598289489746,609.5642700195312,0.00032339576864615083,1.073617935180664,607.5701904296875,0.0006806340534240007,2.3312153816223145,554.8753051757812,0.00016026072262320668,1.625370979309082,583.0652465820312,0.00034229751327075064,-0.36141061782836914,590.272216796875,0.00015002225700300187,-3.6034626960754395,591.6343383789062,0.0001396403240505606,-0.32138490676879883,592.0465698242188,0.00016560760559514165,0.2839796543121338,596.9134521484375,0.001139504718594253,873.9935913085938,731.071044921875,0.009885001927614212
266,-2.192331314086914,591.4561767578125,0.0003980417095590383,0.118743896484375,587.9320678710938,0.0001509257563157007,0.12316131591796875,590.6112670898438,0.00032884342363104224,-2.848574638366699,591.020751953125,0.00046171521535143256,1.4713795185089111,583.1673583984375,0.000472513580461964,-1.7770357131958008,587.9842529296875,0.00020975085499230772,1.9521050453186035,609.3997192382812,0.0003184324596077204,1.135756492614746,607.5006713867188,0.0008126043248921633,2.2879552841186523,554.8914184570312,0.00013780132576357573,2.094580888748169,583.1127319335938,0.00035762088373303413,-0.2525177001953125,590.2516479492188,0.0002130745560862124,-3.431330680847168,591.4674682617188,0.0001783945772331208,-0.15325260162353516,592.0560913085938,0.0002291653654538095,0.042360544204711914,596.8974609375,0.001239731558598578,873.88232421875,731.1300659179688,0.001972933765500784
267,-2.472383975982666,591.15576171875,0.0002497808600310236,-0.018605709075927734,587.7219848632812,0.00012726940622087568,0.4548981189727783,590.556884765625,0.0002803213137667626,-3.1613388061523438,590.8859252929688,0.00032542060944251716,1.0725703239440918,583.3951416015625,0.00039010410546325147,-2.039033889770508,588.2703857421875,0.000156131005496718,1.4283971786499023,609.294921875,0.00017676182324066758,0.9445474147796631,607.4492797851562,0.000506894604768604,2.3150928020477295,554.8048706054688,0.00012909251381643116,1.6071913242340088,583.37353515625,0.00028658099472522736,-0.3703303337097168,589.8928833007812,0.0001503150851931423,-3.5406622886657715,591.3170776367188,0.00013310855138115585,-0.11494207382202148,591.388671875,0.0001486071851104498,-0.12235164642333984,596.2261352539062,0.0007281183497980237,874.1349487304688,730.8935546875,0.007775387726724148
268,-2.310319423675537,591.3141479492188,0.0003208064881619066,0.10046553611755371,587.75537109375,0.00015619191981386393,0.39014744758605957,590.6859741210938,0.00030280969804152846,-2.9500861167907715,591.038330078125,0.00038800822221674025,1.2575838565826416,583.197265625,0.0004856187151744962,-1.9535531997680664,587.9732055664062,0.00019197985238861293,1.7516179084777832,609.302001953125,0.0002608053619042039,0.950995922088623,607.5980834960938,0.00069811922730878,2.375779151916504,554.8162841796875,0.00015281830565072596,1.812129020690918,583.1712036132812,0.0003759287064895034,-0.4008493423461914,590.2062377929688,0.00018297185306437314,-3.3961172103881836,591.3839111328125,0.0001552518515381962,-0.014621257781982422,591.8470458984375,0.00018315129273105413,0.28032946586608887,596.591552734375,0.0009814280783757567,873.954833984375,730.78125,0.003914399538189173
269,-2.3044633865356445,591.7393798828125,0.0003149780095554888,0.21877503395080566,587.72705078125,0.00014353347069118172,0.46282029151916504,590.9012451171875,0.00025590587756596506,-2.9613561630249023,591.4608154296875,0.0003888669307343662,1.2339041233062744,583.1975708007812,0.00046149565605446696,-1.8900694847106934,587.6896362304688,0.00019976453040726483,1.8964807987213135,609.3035888671875,0.0002473672793712467,0.9900302886962891,607.4699096679688,0.0006487701321020722,2.32374906539917,554.88330078125,0.00014810175343882293,2.000962495803833,583.25732421875,0.0003551678382791579,-0.3552384376525879,590.6145629882812,0.00016684738511685282,-3.31398344039917,591.4721069335938,0.0001470547722419724,-0.015245914459228516,592.1270751953125,0.00017385186220053583,0.04626941680908203,596.9536743164062,0.0008436867501586676,874.5704956054688,730.8488159179688,0.013129455968737602
270,-2.1766185760498047,591.3893432617188,0.00031420213053934276,0.08637762069702148,587.6188354492188,0.0001566384598845616,0.300983190536499,590.7474975585938,0.000320580555126071,-2.8269429206848145,590.9988403320312,0.00038613041397184134,1.2481961250305176,583.246337890625,0.00048622855683788657,-2.023852825164795,588.0172119140625,0.00019371657981537282,1.6171998977661133,609.3176879882812,0.00023723662889096886,0.9912807941436768,607.5107421875,0.0006470787338912487,2.293593645095825,554.7927856445312,0.00014890506281517446,1.7461037635803223,583.0979614257812,0.00040499004535377026,-0.08714866638183594,590.1015014648438,0.00018572251428849995,-3.4190878868103027,591.4468994140625,0.00017366479733027518,0.054987430572509766,591.7409057617188,0.0001861357595771551,0.26539063453674316,596.7230834960938,0.0010071309516206384,874.0400390625,730.8449096679688,0.0053185708820819855
271,-4.719202041625977,578.0277099609375,0.00024819106329232454,-0.018471240997314453,587.65283203125,0.00013431956176646054,0.5734078884124756,590.9445190429688,0.0002109119959641248,-3.376154899597168,591.4901123046875,0.00036735518369823694,1.2129762172698975,583.1505737304688,0.00040330985211767256,0.684044361114502,570.0047607421875,0.0001855538139352575,1.3340675830841064,609.3772583007812,0.0001978375657927245,0.9411482810974121,607.546142578125,0.0005564623861573637,2.4836695194244385,555.0719604492188,0.00015119669842533767,1.9495561122894287,583.251220703125,0.00034658401273190975,-0.7409181594848633,590.433349609375,0.00015260193322319537,-3.269869327545166,591.6346435546875,0.00013032850984018296,-0.10485506057739258,592.091552734375,0.00014929873577784747,0.04233527183532715,596.6358032226562,0.0007842772174626589,873.8948364257812,730.7606201171875,0.0032993785571306944
272,-2.4256591796875,591.5208740234375,0.00033012882340699434,0.15283417701721191,587.66748046875,0.00015179211914073676,0.4463679790496826,590.6983642578125,0.000306341506075114,-3.124814033508301,591.1820678710938,0.0004052933945786208,1.198469638824463,583.25830078125,0.0004739647847600281,-1.9156298637390137,587.9976806640625,0.0001976804924197495,1.418954610824585,609.1485595703125,0.0002309310802957043,1.010819911956787,607.3382568359375,0.000617454235907644,2.223367691040039,554.861328125,0.00013966896221973002,1.9204912185668945,583.190673828125,0.00039448236930184066,-0.5408220291137695,590.312744140625,0.000179475246113725,-3.340831756591797,591.50146484375,0.00016010126273613423,-0.09547805786132812,591.9515380859375,0.00018481293227523565,0.22035431861877441,596.6024169921875,0.000931602728087455,874.0184326171875,730.65771484375,0.006630070507526398
273,-2.2442073822021484,591.8532104492188,0.0003828672633972019,0.24563312530517578,587.9846801757812,0.00015186943346634507,0.27733421325683594,590.8338012695312,0.0003089501115027815,-2.8974685668945312,591.2861328125,0.00046262735850177705,1.2188034057617188,583.047119140625,0.0004930291906930506,-1.7468113899230957,587.8523559570312,0.00020990690973121673,2.060060501098633,609.3898315429688,0.00031602205126546323,1.0644962787628174,607.5269165039062,0.0007488603587262332,2.414860725402832,554.7620239257812,0.00014714652206748724,2.0975747108459473,582.8489379882812,0.0004261534195393324,-0.4310927391052246,590.4249267578125,0.00022746133618056774,-3.225273609161377,591.647216796875,0.00017328369722235948,-0.014439105987548828,592.3866577148438,0.00021460535936057568,0.11388778686523438,597.1636962890625,0.0010591101599857211,873.249755859375,731.0540771484375,0.0021823165006935596
274,-2.0711684226989746,591.4498901367188,0.0003312438784632832,0.2078697681427002,587.671142578125,0.00014807406114414334,0.29991960525512695,590.6791381835938,0.00032882680534385145,-2.598677158355713,591.0485229492188,0.00041574277565814555,1.2990868091583252,583.285400390625,0.0005360824288800359,-1.8791804313659668,587.8660278320312,0.00020799392950721085,1.7986483573913574,609.4108276367188,0.0003032245149370283,1.129026174545288,607.5131225585938,0.0008425648557022214,2.226935386657715,554.9065551757812,0.00014250751701183617,1.9061474800109863,583.0799560546875,0.0003962143382523209,-0.1949467658996582,590.2091674804688,0.00020277031580917537,-3.364739418029785,591.3515625,0.00017811379802878946,0.057521820068359375,591.6109619140625,0.0001949651341419667,0.15967297554016113,596.8494873046875,0.0010376563295722008,874.099365234375,730.837158203125,0.004537843633443117
275,-2.469456195831299,591.6104736328125,0.0002588177449069917,-0.15440607070922852,587.6990356445312,0.0001225016894750297,0.29179954528808594,590.7619018554688,0.000269446027232334,-3.1461868286132812,591.1605224609375,0.00036195319262333214,1.1768598556518555,583.2137451171875,0.0004072346491739154,-2.0573649406433105,587.99169921875,0.00016594586486462504,1.5595853328704834,609.2601928710938,0.00022493113647215068,0.9084517955780029,607.4754028320312,0.0005684488569386303,2.3281660079956055,554.8887329101562,0.00015513465041294694,1.7895534038543701,583.0989990234375,0.0003367965400684625,-0.5269336700439453,590.1856079101562,0.0001455928577343002,-3.6464171409606934,591.5701293945312,0.00012926114141009748,-0.15869474411010742,592.0164794921875,0.00015859220002312213,-0.04397726058959961,596.7669677734375,0.0008535770466551185,873.5640258789062,731.0565795898438,0.0012282588286325336
276,-4.884284973144531,561.4815063476562,0.0002552827645558864,-0.9689521789550781,553.7567749023438,0.00012070372758898884,0.17159295082092285,590.8300170898438,0.00024502954329364,-3.2697882652282715,591.239013671875,0.00034772735671140254,1.4182219505310059,583.3223266601562,0.0004246626631356776,-2.0449724197387695,587.8983154296875,0.00017021548410411924,0.28300952911376953,593.699951171875,0.00016193614283110946,0.9480040073394775,607.6065673828125,0.0004058723570778966,2.493986129760742,554.78564453125,0.00017661575111560524,3.6890904903411865,556.3790283203125,0.0003664536343421787,-0.5478601455688477,590.2182006835938,0.00015371783229056746,-3.6085782051086426,591.634521484375,0.00012990491813980043,-0.3182501792907715,591.7649536132812,0.00014445821580011398,-0.17238473892211914,596.4627075195312,0.0007402977789752185,874.0592651367188,730.9515380859375,0.003217496443539858
277,-2.5042572021484375,591.20654296875,0.00036056427052244544,-0.156707763671875,587.8947143554688,0.00014465120329987258,-0.0590672492980957,590.41552734375,0.00030985125340521336,-3.034687042236328,591.0226440429688,0.00043402891606092453,1.5506668090820312,583.1925048828125,0.00047444665688090026,-1.7131681442260742,587.9097290039062,0.00020142318680882454,1.8915083408355713,609.525634765625,0.00030540890293195844,1.007521152496338,607.4224243164062,0.0007359317969530821,2.6205832958221436,554.6942749023438,0.00014473065675701946,2.0647799968719482,583.266845703125,0.00034191738814115524,-0.3093867301940918,590.2109375,0.00017644524632487446,-3.6872072219848633,591.2721557617188,0.00016033562133088708,-0.3282756805419922,591.8528442382812,0.0002077006211038679,-0.20096731185913086,596.6370849609375,0.0011543981963768601,873.510498046875,730.7592163085938,0.0011765867238864303
278,-2.544337272644043,591.4285888671875,0.00032164683216251433,0.0982370376586914,587.8768310546875,0.00013322295853868127,0.13725924491882324,590.6380615234375,0.0002749210689216852,-3.1218576431274414,591.1873779296875,0.00042527905316092074,1.3678600788116455,583.1798095703125,0.0004508544516284019,-1.8004670143127441,587.9183349609375,0.0002005562128033489,1.7387926578521729,609.21826171875,0.00025697090313769877,0.9419100284576416,607.3374633789062,0.0006150367553345859,2.3466570377349854,554.9893798828125,0.0001509434514446184,2.091519832611084,583.3158569335938,0.0003329713363200426,-0.6739263534545898,590.3119506835938,0.00017852424934972078,-3.538944721221924,591.4340209960938,0.00014417363854590803,-0.35028743743896484,591.9485473632812,0.00018144144269172102,-0.24759483337402344,596.682373046875,0.0009052726672962308,873.9059448242188,730.9802856445312,0.004995232913643122
279,-2.4060702323913574,591.5828247070312,0.0003885701298713684,-0.1616802215576172,587.9508056640625,0.00014322163769975305,0.049643516540527344,590.7219848632812,0.0003209068381693214,-2.997490406036377,591.2376098632812,0.0005118154804222286,1.408858060836792,583.0344848632812,0.0004649747861549258,-1.795036792755127,587.94580078125,0.00020215257245581597,1.7660868167877197,609.3563842773438,0.00028176154592074454,0.9510090351104736,607.4392700195312,0.0007199146784842014,2.5353190898895264,554.6723022460938,0.0001609374157851562,2.197272300720215,582.9553833007812,0.00036016645026393235,-0.4892120361328125,590.3425903320312,0.00018932057719212025,-3.6027331352233887,591.5275268554688,0.00015903241001069546,-0.36059093475341797,592.38916015625,0.00021336713689379394,-0.17594528198242188,596.9561767578125,0.001042783260345459,874.1246948242188,731.0443725585938,0.0055863033048808575
280,-2.5768799781799316,591.1581420898438,0.0002853949263226241,0.01352381706237793,587.925537109375,0.00014570076018571854,0.4444751739501953,590.407958984375,0.00031679458334110677,-3.064990520477295,590.80908203125,0.00040053529664874077,1.2779088020324707,583.2713623046875,0.0004234547959640622,-1.8883042335510254,588.2373046875,0.0001853559515438974,1.7834665775299072,609.0789794921875,0.00020728060917463154,1.1107375621795654,607.4325561523438,0.0005475395591929555,2.3104848861694336,554.92236328125,0.00015818412066437304,1.837571620941162,583.3781127929688,0.00033162618638016284,-0.6434555053710938,589.8963623046875,0.00019135138427373022,-3.2977399826049805,591.2542114257812,0.00015542915207333863,-0.06634807586669922,591.4937133789062,0.00018237321637570858,0.024849414825439453,596.0596313476562,0.0009580443729646504,-2.2288103103637695,595.8510131835938,0.0011306017404422164
281,-2.452943801879883,591.29248046875,0.0003332018677610904,-0.041275978088378906,587.7565307617188,0.00016172380128409714,0.2790703773498535,590.4979858398438,0.000301858177408576,-3.0958919525146484,591.0196533203125,0.00039089572965167463,1.416421890258789,583.3451538085938,0.0004634452343452722,-1.9374094009399414,588.0717163085938,0.0001903330849017948,1.5578312873840332,609.4655151367188,0.0002529570774640888,0.9946231842041016,607.5011596679688,0.0006894887192174792,2.3873562812805176,554.9654541015625,0.00017177026893477887,1.8832659721374512,583.1806030273438,0.00037176074692979455,-0.41451311111450195,590.2747802734375,0.00018992682453244925,-3.511638641357422,591.3526611328125,0.00015600750339217484,-0.23063182830810547,591.812255859375,0.00019412930123507977,0.19708919525146484,596.6237182617188,0.0009939342271536589,873.86767578125,730.8441772460938,0.007315246853977442
282,-2.511263370513916,591.6060791015625,0.000242930167587474,-0.27969884872436523,587.4620361328125,0.00012533320114016533,0.264235258102417,590.9269409179688,0.0002643698826432228,-3.195209503173828,591.2835693359375,0.00034621363738551736,1.313751220703125,583.1041870117188,0.00041684441384859383,-2.309298038482666,587.9080810546875,0.0001591041509527713,1.340306043624878,609.2913208007812,0.00023080779646988958,0.9281530380249023,607.620849609375,0.0005786256515420973,2.405121326446533,554.9227294921875,0.0001449526025680825,1.6910388469696045,582.9359130859375,0.0003909093211404979,-0.39392518997192383,590.28076171875,0.00013218092499300838,-3.7088189125061035,591.6660766601562,0.00012980611063539982,-0.21271181106567383,592.1636352539062,0.00014481569814961404,0.18488287925720215,596.891357421875,0.0008556238026358187,873.9400024414062,730.7951049804688,0.0016897112363949418
283,-2.3401451110839844,590.9702758789062,0.00030572907417081296,-0.11137247085571289,587.8024291992188,0.00015833141515031457,0.33253026008605957,590.448486328125,0.00036353254108689725,-2.9715609550476074,590.7510986328125,0.0003796856035478413,1.278097152709961,583.1190795898438,0.0004881031927652657,-1.9947929382324219,588.16650390625,0.00017798901535570621,1.5249760150909424,609.66845703125,0.0002937954559456557,1.0613088607788086,607.6228637695312,0.0006859749555587769,2.3376412391662598,554.5857543945312,0.00015616540622431785,1.6770076751708984,583.1254272460938,0.0003621383511926979,-0.20541858673095703,589.884765625,0.00016140076331794262,-3.4422082901000977,591.2306518554688,0.0001733894896460697,-0.1177663803100586,591.5270385742188,0.00018760770035441965,0.5014142990112305,596.3169555664062,0.0012165253283455968,873.9234619140625,731.039306640625,0.002850285032764077
284,-2.357818126678467,591.4661254882812,0.000365668412996456,0.05228137969970703,587.70458984375,0.00014073686907067895,0.1817324161529541,590.5888061523438,0.00032370115513913333,-2.8485727310180664,591.0284423828125,0.0005164226167835295,1.60158371925354,583.2508544921875,0.0004891621065326035,-1.8218965530395508,587.8375854492188,0.000217632987187244,1.7501320838928223,609.0921630859375,0.00021588703384622931,0.8903086185455322,607.3423461914062,0.0005566250183619559,2.4925570487976074,554.9253540039062,0.00014984655717853457,2.1357131004333496,583.222900390625,0.0003703920519910753,-0.44754981994628906,590.1940307617188,0.00021104799816384912,-3.561697483062744,591.3278198242188,0.00016590743325650692,-0.19304656982421875,591.8018188476562,0.00020396476611495018,-0.18638992309570312,596.6282958984375,0.0010561887174844742,873.2827758789062,730.8646240234375,0.003420198569074273
285,-2.595059871673584,591.4002075195312,0.0003034405526705086,-0.22248601913452148,587.7299194335938,0.0001463401276851073,0.2629859447479248,590.68408203125,0.0002870327152777463,-3.2058873176574707,591.1275024414062,0.0003985486109741032,1.3066155910491943,583.1766967773438,0.0004426465311553329,-1.9747238159179688,588.1272583007812,0.00018136185826733708,1.511030673980713,609.4107055664062,0.00021564100461546332,0.8440992832183838,607.3849487304688,0.0005656465073116124,2.18444561958313,554.9868774414062,0.00013617183140013367,1.9485421180725098,583.10205078125,0.000359317782567814,-0.49016666412353516,590.2976684570312,0.00017532329366076738,-3.5280566215515137,591.5487670898438,0.0001461313950130716,-0.3625612258911133,592.0545043945312,0.00018403866852167994,0.09775257110595703,596.5758056640625,0.0009910912485793233,-2.423959732055664,596.3505859375,0.0011507372837513685
286,-2.4415321350097656,591.4551391601562,0.0003554952272679657,-0.006486415863037109,588.0615234375,0.0001297121780226007,0.25499510765075684,590.5810546875,0.00030795764178037643,-3.0522665977478027,591.2295532226562,0.0004891283460892737,1.3567943572998047,582.9833984375,0.00044822096242569387,-1.8351202011108398,587.9483032226562,0.00019355227414052933,1.8742413520812988,609.750244140625,0.00032964226556941867,1.015657663345337,607.5198974609375,0.0006829134072177112,2.1597580909729004,554.6625366210938,0.00016288776532746851,3.4790637493133545,556.4260864257812,0.0003348788886796683,-0.46707916259765625,590.3906860351562,0.0001816687436075881,-3.611393451690674,591.5413208007812,0.00014867534628137946,-0.2576003074645996,592.22900390625,0.00020216376287862659,0.021135330200195312,596.9608764648438,0.0011575149837881327,874.0287475585938,730.6908569335938,0.002665382344275713
287,-4.79471492767334,561.4993896484375,0.0002857447834685445,-0.8959188461303711,553.7901611328125,0.00013157354260329157,0.2634158134460449,590.710205078125,0.00026747185620479286,-3.1484689712524414,591.1206665039062,0.0003340192779432982,1.18660306930542,583.243896484375,0.0004413992865011096,-1.9756741523742676,587.9285888671875,0.0001653023500693962,1.6019606590270996,609.3192749023438,0.00021042893058620393,0.8935937881469727,607.469482421875,0.0005890529719181359,2.2985713481903076,554.9589233398438,0.00016594065527897328,3.5411691665649414,556.1885375976562,0.00034027438960038126,-0.5390238761901855,590.2218627929688,0.00014472915790975094,-3.5995912551879883,591.4342651367188,0.00013077628682367504,-0.10841083526611328,591.8031005859375,0.00015290663577616215,-0.02080249786376953,596.754638671875,0.0007922642980702221,874.0484008789062,730.8470458984375,0.009653599001467228
288,-2.6516852378845215,591.6400146484375,0.0002393566392129287,-0.19068384170532227,587.70947265625,0.00011595460819080472,0.304487943649292,590.7969360351562,0.00023566775780636817,-3.2405076026916504,591.2791748046875,0.00036126116174273193,1.2359249591827393,583.1364135742188,0.00038135514478199184,-2.073528289794922,587.9077758789062,0.00015889173664618284,1.581909418106079,609.6295776367188,0.00021027828915975988,0.7460193634033203,607.6573486328125,0.00048216647701337934,2.2942891120910645,555.063720703125,0.00013254012446850538,1.8893465995788574,583.3256225585938,0.0002812097663991153,-0.6781435012817383,590.384033203125,0.00013060854689683765,-3.718797206878662,591.51220703125,0.00010956331243505701,-0.281585693359375,591.99951171875,0.0001402937778038904,-0.2135143280029297,596.67578125,0.0007458662148565054,873.6560668945312,730.8109741210938,0.003291122382506728
289,-2.6102166175842285,591.3848876953125,0.0003177465114276856,-1.0159831047058105,553.8240966796875,0.00012171631533419713,0.2794513702392578,590.5846557617188,0.0002632451069075614,-3.236265182495117,591.1517333984375,0.000444024452008307,1.504572868347168,582.876220703125,0.0003511934482958168,-1.9167003631591797,588.1956787109375,0.0001806983636924997,1.9557154178619385,609.2269897460938,0.00025605622795410454,0.8873741626739502,607.015869140625,0.0006894200341776013,2.33705997467041,554.8875122070312,0.000164307770319283,3.860379934310913,556.1288452148438,0.0003384650044608861,-0.4642629623413086,590.4400634765625,0.00015442888252437115,-3.6838183403015137,591.44921875,0.00012696212797891349,-0.42429447174072266,592.4933471679688,0.00018249600543640554,-0.3188943862915039,597.0220947265625,0.0009039466385729611,874.2178344726562,731.20263671875,0.010940573178231716
290,-2.3185787200927734,591.564697265625,0.0003608190454542637,0.008899927139282227,588.0353393554688,0.0001303818280575797,0.21447181701660156,590.669189453125,0.0002993793459609151,-2.9518508911132812,591.2948608398438,0.00046729238238185644,1.5191195011138916,583.1388549804688,0.00042407267028465867,-1.614570140838623,588.1152954101562,0.0002149863139493391,1.792515754699707,609.6062622070312,0.00023747853992972523,0.9029519557952881,607.3561401367188,0.0006470519001595676,0.8976094722747803,587.522216796875,0.0001443239743821323,2.1977951526641846,583.267822265625,0.000311216659611091,-0.4556894302368164,590.419677734375,0.00019237511151004583,-3.4049410820007324,591.4822387695312,0.00015545613132417202,-0.3791007995605469,592.2919921875,0.00020508139277808368,-0.2360825538635254,596.716796875,0.000907850218936801,-2.114809989929199,596.7237548828125,0.0014335355954244733
291,-2.348926544189453,591.549560546875,0.0003511643153615296,-0.009528636932373047,587.6581420898438,0.00014391443983186036,0.6997392177581787,601.342041015625,0.0003752380143851042,-2.8708009719848633,591.3502807617188,0.00047017165343277156,1.5344698429107666,583.1051635742188,0.0004583303816616535,-2.027348041534424,587.7739868164062,0.0002098895056406036,1.4659268856048584,609.7822875976562,0.00035519912489689887,1.206235647201538,607.5130615234375,0.0009875515243038535,2.1715011596679688,555.102294921875,0.0001346979261143133,1.9258768558502197,583.2058715820312,0.0003758387756533921,-0.2089862823486328,590.455810546875,0.00020999739354010671,-3.5354604721069336,591.6452026367188,0.00015978053852450103,-0.2501864433288574,592.1697387695312,0.00019398514996282756,0.23701214790344238,597.09228515625,0.0012427576584741473,873.7512817382812,730.6185913085938,0.003629661165177822
292,-2.319286346435547,591.5423583984375,0.00029961831751279533,0.12806296348571777,587.831787109375,0.00014958158135414124,0.5147585868835449,590.6094360351562,0.000290791445877403,-2.8656530380249023,591.0266723632812,0.0004063741071149707,1.2749662399291992,583.298583984375,0.00043338804971426725,-1.9517803192138672,587.9423217773438,0.0001955517946043983,1.686838150024414,609.3256225585938,0.00019403065380174667,0.7503430843353271,607.2376098632812,0.00047265004832297564,2.24212646484375,554.8617553710938,0.0001357130822725594,1.7604310512542725,583.2334594726562,0.00032554627978242934,-0.3774528503417969,590.3401489257812,0.00018935326079372317,-3.486846446990967,591.3028564453125,0.00014359822671394795,0.06885528564453125,591.6336669921875,0.0001760162558639422,0.19110655784606934,596.5955810546875,0.0008999110432341695,874.2605590820312,730.9609375,0.006809540092945099
293,-2.334385395050049,590.9392700195312,0.0002928751055151224,-0.2885780334472656,587.83935546875,0.00014757507597096264,0.3469274044036865,590.2276000976562,0.00030629534740000963,-2.8333206176757812,590.7747802734375,0.00042746964027173817,1.437516212463379,583.3214721679688,0.00045435380889102817,-1.844717025756836,588.0909423828125,0.00019454657740425318,0.2517359256744385,593.9567260742188,0.00019453525601420552,0.9542996883392334,607.5183715820312,0.0004879638727288693,2.2977020740509033,554.9231567382812,0.00014949048636481166,1.7716467380523682,583.4785766601562,0.0003080824390053749,-0.29500865936279297,590.0335083007812,0.00018868676852434874,-3.567631721496582,591.1233520507812,0.00015424317098222673,-0.14159631729125977,591.262939453125,0.0001854072033893317,0.08092808723449707,595.8648071289062,0.0010998311918228865,873.5805053710938,730.719482421875,0.0037537766620516777
294,-2.376626491546631,591.4334106445312,0.0003257912758272141,0.03749823570251465,587.87646484375,0.00013291221694089472,0.2463550567626953,590.6299438476562,0.00029638121486641467,-3.0277304649353027,591.07666015625,0.000419198302552104,1.3848366737365723,583.2071533203125,0.00043221720261499286,-1.9995079040527344,588.1322021484375,0.0001814135757740587,1.7374835014343262,609.4747924804688,0.00029759565950371325,1.1944224834442139,607.5101318359375,0.0007289720233529806,2.3999128341674805,554.8507690429688,0.00014589150669053197,1.9152696132659912,583.1737060546875,0.00032521499088034034,-0.27808141708374023,590.2515258789062,0.00018981639004778117,-3.5353918075561523,591.5359497070312,0.00015482358867302537,-0.1871790885925293,591.9351196289062,0.00018715673650149256,0.09693217277526855,596.8602294921875,0.0010576265631243587,873.2223510742188,730.7478637695312,0.0027927865739911795
295,-2.5476675033569336,591.8182373046875,0.000365106767276302,-0.06868219375610352,587.7230224609375,0.0001275810645893216,0.26604247093200684,600.9188842773438,0.00027993350522592664,-3.126969814300537,591.4910278320312,0.0004698261618614197,1.4968953132629395,583.0336303710938,0.00044680555583909154,-1.8141913414001465,587.821533203125,0.00019431058899499476,1.766822099685669,609.6044311523438,0.00027467531617730856,1.073913812637329,607.5230102539062,0.0007195617654360831,2.4939191341400146,554.8536376953125,0.0001462844666093588,2.260932445526123,583.1807250976562,0.0003277211217209697,-0.56396484375,590.5313110351562,0.00019389581575524062,-3.5194311141967773,591.723876953125,0.00014446978457272053,-0.4184756278991699,592.482666015625,0.00018609760445542634,-0.2793111801147461,597.065185546875,0.0008923434070311487,874.0156860351562,730.6548461914062,0.002534573432058096
296,-2.2037463188171387,591.7916259765625,0.0003409729106351733,-0.032535552978515625,587.7162475585938,0.0001474597374908626,0.5449202060699463,601.1988525390625,0.0003862752637360245,-2.7229838371276855,591.4203491210938,0.0004574807535391301,1.3821015357971191,582.9696655273438,0.00048680289182811975,-1.9758105278015137,587.6350708007812,0.00020339226466603577,1.606520414352417,609.7372436523438,0.00038144734571687877,1.098271131515503,607.586181640625,0.0009614904993213713,2.2758960723876953,554.84130859375,0.00013580718950834125,1.9521534442901611,582.9647216796875,0.00042246398515999317,-0.1351170539855957,590.4710693359375,0.00021133251721039414,-3.305161952972412,591.6682739257812,0.00016820692690089345,0.06063532829284668,592.1954345703125,0.00019859544408973306,0.37483787536621094,597.1787719726562,0.0012176897143945098,873.6939086914062,730.5651245117188,0.002481515286490321
297,-2.5262908935546875,591.354248046875,0.00034516945015639067,0.058500051498413086,588.1732177734375,0.00014034408377483487,0.20884156227111816,590.6272583007812,0.0002937540120910853,-3.057325839996338,591.0935668945312,0.0005590862710960209,1.3776354789733887,583.0628051757812,0.0004691479553002864,-1.663222312927246,587.9977416992188,0.00023355901066679507,1.834526538848877,609.3668823242188,0.00023838710330892354,0.8107876777648926,607.1557006835938,0.0006319748936221004,0.9149825572967529,587.4415283203125,0.00014230029773898423,2.160083770751953,583.2068481445312,0.0003527688968461007,-0.727931022644043,590.3328247070312,0.00021465060126502067,-3.409702777862549,591.296630859375,0.0001583374396432191,-0.29677820205688477,592.08984375,0.0002167851198464632,-0.24373960494995117,596.6207885742188,0.0011270171962678432,873.3594360351562,730.6370849609375,0.0014263482298702002
298,-2.295948028564453,591.295166015625,0.00025089958216995,0.04364013671875,587.741943359375,0.00014175332034938037,0.5329821109771729,590.63330078125,0.0002639923186507076,-2.984128952026367,591.0501098632812,0.00034973470610566437,1.217543125152588,583.1849975585938,0.00042028827010653913,-2.0534749031066895,587.9429931640625,0.00017829901480581611,1.4870896339416504,609.5357055664062,0.00024314798065461218,0.9196038246154785,607.6546020507812,0.0006459643482230604,2.244507312774658,554.9120483398438,0.00014601286966353655,1.675351858139038,583.3338012695312,0.0003409789060242474,-0.3078799247741699,590.2636108398438,0.00015600229380652308,-3.506356716156006,591.3634643554688,0.00013572110037785023,0.05950284004211426,591.6702880859375,0.0001564238191349432,0.3426632881164551,596.505859375,0.0009421108989045024,873.8751220703125,730.4522094726562,0.003917129710316658
299,-2.448729991912842,591.1631469726562,0.00037203211104497313,0.20545363426208496,588.0908203125,0.00014316427404992282,0.16572189331054688,590.4365844726562,0.00032182535505853593,-3.044719696044922,591.0272827148438,0.0005274849245324731,1.4946658611297607,583.1532592773438,0.0004540777881629765,-1.8408632278442383,588.0199584960938,0.00022855025599710643,1.9397599697113037,609.3975830078125,0.00027101219166070223,1.0530776977539062,607.4471435546875,0.0006002908339723945,2.244532346725464,554.939697265625,0.00015456780965905637,2.043401002883911,583.3093872070312,0.000358846242306754,-0.6310062408447266,590.2896728515625,0.00021457693947013468,-3.48004150390625,591.4169311523438,0.00017456497880630195,-0.3239898681640625,591.9436645507812,0.0002219981251982972,-0.017881393432617188,596.5721435546875,0.0012952486285939813,873.8126220703125,730.3711547851562,0.0042589870281517506
300,-2.2924723625183105,590.9910278320312,0.00032981671392917633,0.1142418384552002,587.9096069335938,0.00015915256517473608,0.30823850631713867,590.2696533203125,0.0003394678933545947,-2.9546656608581543,590.7055053710938,0.0004443081561475992,1.2437336444854736,583.2861328125,0.0004647140158340335,-1.8066697120666504,588.098876953125,0.00020811869762837887,1.7778642177581787,609.5489501953125,0.00026921284734271467,1.0318951606750488,607.4594116210938,0.0007317759445868433,2.461254596710205,554.9359741210938,0.00015304023690987378,3.6313247680664062,556.2127685546875,0.0003348415484651923,-0.3705754280090332,589.9064331054688,0.00020162299915682524,-3.352632522583008,591.183837890625,0.00016576085181441158,-0.04585742950439453,591.2451782226562,0.00019847146177198738,0.28537702560424805,595.9931030273438,0.001081730704754591,873.9127197265625,730.7817993164062,0.005030776374042034
301,-2.039754867553711,591.4777221679688,0.0003972153936047107,0.23129749298095703,587.76708984375,0.00015936637646518648,0.3044703006744385,590.6476440429688,0.0003294185735285282,-2.684734344482422,591.1014404296875,0.0004844233626499772,1.4216463565826416,583.2235717773438,0.000552268058527261,-1.8478078842163086,587.8206176757812,0.00023136897652875632,1.8814313411712646,609.4951171875,0.00028471113182604313,1.146178960800171,607.6009521484375,0.0007716181571595371,2.1358721256256104,555.018798828125,0.00014499945973511785,1.983290195465088,583.114013671875,0.0004265441675670445,-0.24482965469360352,590.3071899414062,0.00025879748864099383,-3.270869731903076,591.390380859375,0.00019279560365248471,0.00577998161315918,591.835693359375,0.00021660022321157157,0.306504487991333,596.7806396484375,0.001261110883206129,873.8417358398438,730.83203125,0.004907074384391308
302,-2.4736523628234863,591.3001098632812,0.0002834968618117273,-0.11382389068603516,587.6852416992188,0.0001394181454088539,0.438295841217041,590.6226806640625,0.0002974849776364863,-3.0546364784240723,590.9998779296875,0.0003874061512760818,1.2946529388427734,583.203857421875,0.00043149408884346485,-1.9598593711853027,588.056640625,0.0001758754951879382,1.527949333190918,609.3193969726562,0.00021276719053275883,1.0027360916137695,607.5546264648438,0.0005557418335229158,2.30572509765625,554.7952270507812,0.00014102341083344072,1.7575938701629639,583.2569580078125,0.0003263473918195814,-0.38228893280029297,590.114501953125,0.00018182210624217987,-3.5052103996276855,591.4775390625,0.00014300178736448288,-0.07373666763305664,591.6903076171875,0.00017078107339330018,0.11183500289916992,596.5277709960938,0.0009514154517091811,873.4758911132812,730.9459838867188,0.005251109600067139
303,-1.94927978515625,591.6141967773438,0.0005548690096475184,0.2675051689147949,588.1347045898438,0.0001851092092692852,-0.11273384094238281,600.6735229492188,0.0004378788289614022,-2.608982563018799,591.1639404296875,0.0006382451974786818,1.400165319442749,582.979248046875,0.0005619006115011871,-1.652036190032959,587.7922973632812,0.0002675570431165397,2.154407501220703,609.7223510742188,0.0004330738156568259,1.2531826496124268,607.307373046875,0.001166407368145883,2.2389516830444336,554.7689819335938,0.00016043716459535062,2.1300525665283203,582.8741455078125,0.0004935887409374118,0.039077043533325195,590.4736938476562,0.00033757832716219127,-3.201791763305664,591.5581665039062,0.00022903714852873236,0.01992034912109375,592.3265991210938,0.00028801793814636767,0.3982696533203125,597.3018798828125,0.0015969404485076666,873.9369506835938,730.9700317382812,0.0038130120374262333
304,-2.2835779190063477,591.439208984375,0.0004194131470285356,0.06409335136413574,588.2400512695312,0.00015571976837236434,0.07205080986022949,590.5205688476562,0.00035773066338151693,-2.8189754486083984,590.9804077148438,0.0005379946087487042,1.5409536361694336,583.059326171875,0.0004750014340970665,-1.5799059867858887,588.0632934570312,0.0002278550819028169,2.1594724655151367,609.5046997070312,0.00027846574084833264,0.8928830623626709,607.1808471679688,0.0007400889880955219,2.389559268951416,554.8528442382812,0.00016443002095911652,2.43052339553833,583.052734375,0.0003511183022055775,-0.40376853942871094,590.3524169921875,0.00019853239064104855,-3.5228614807128906,591.2244262695312,0.00016833287372719496,-0.35645198822021484,592.2764282226562,0.0002535375242587179,-0.15873432159423828,596.9444580078125,0.0011000025551766157,874.0729370117188,730.7171020507812,0.0029302379116415977
305,-2.3908309936523438,591.5843505859375,0.0003162158536724746,0.1104741096496582,587.8017578125,0.00012886720651295036,0.2183530330657959,590.8019409179688,0.0003034790279343724,-2.9852442741394043,591.2499389648438,0.0004164712445344776,1.398080587387085,583.2326049804688,0.00046431811642833054,-1.8637385368347168,587.9085083007812,0.00019577436614781618,1.8064658641815186,609.52099609375,0.00023125979350879788,1.0601000785827637,607.562255859375,0.0005842825630679727,2.3079285621643066,554.7547607421875,0.0001668548648012802,2.0198683738708496,583.2225952148438,0.00035933993058279157,-0.3156585693359375,590.4321899414062,0.00018358630768489093,-3.460696220397949,591.6927490234375,0.00016278201655950397,-0.11573266983032227,592.0884399414062,0.00019518034241627902,0.017405271530151367,597.0900268554688,0.0010381641332060099,874.0457153320312,730.982666015625,0.002931898692622781
306,-2.5752878189086914,591.5344848632812,0.00033019110560417175,-0.29969024658203125,587.6956787109375,0.00014502476551569998,0.22015857696533203,590.7130126953125,0.0002826079144142568,-3.253386974334717,591.2096557617188,0.0003998001920990646,1.415219783782959,583.2489624023438,0.00045624631457030773,-1.9029231071472168,587.940673828125,0.0001821537152864039,1.711658239364624,609.5963745117188,0.00024154373386409134,0.8699228763580322,607.5191040039062,0.0005786766414530575,2.638981819152832,554.8802490234375,0.0001531625894131139,2.1127195358276367,583.120849609375,0.00035424140514805913,-0.5875310897827148,590.2576904296875,0.00015045260079205036,-3.5575013160705566,591.5333862304688,0.00014559591363649815,-0.3939337730407715,592.1353149414062,0.00018184482178185135,-0.17912769317626953,596.6195678710938,0.0008950496558099985,873.467529296875,730.58349609375,0.003101907903328538
307,-2.616281032562256,591.4522094726562,0.000295685778837651,-0.05384016036987305,587.8245239257812,0.00013119934010319412,0.40526390075683594,590.5552368164062,0.0002824357943609357,-3.1742334365844727,591.0657958984375,0.0004104688123334199,1.2801294326782227,583.2359008789062,0.00042806685087271035,-1.9789633750915527,588.0635986328125,0.00018422793073114008,1.5558745861053467,609.4076538085938,0.00025905942311510444,1.0118653774261475,607.52978515625,0.000712482666131109,2.3539767265319824,554.967529296875,0.00014729700342286378,1.8549530506134033,583.3098754882812,0.0003291925531812012,-0.6279110908508301,590.2245483398438,0.0001793279661796987,-3.4921317100524902,591.4490356445312,0.00013548550487030298,-0.06775331497192383,591.997802734375,0.00017528283933643252,-0.018598079681396484,596.6793212890625,0.0009707411518320441,874.3564453125,730.5664672851562,0.004005247261375189
308,-2.248685359954834,591.4749755859375,0.000363079336239025,-0.05877351760864258,587.7848510742188,0.0001486338151153177,0.16514086723327637,590.6184692382812,0.0003295476781204343,-2.8017234802246094,591.1420288085938,0.0004418643075041473,1.4332857131958008,583.279052734375,0.0005064751603640616,-1.818016529083252,587.9278564453125,0.00020802387734875083,1.8698327541351318,609.3500366210938,0.0002680988982319832,1.142026424407959,607.4453735351562,0.0007053191657178104,2.318488597869873,554.7380981445312,0.00014822903904132545,2.0098729133605957,583.1279907226562,0.00039363541873171926,-0.35021495819091797,590.2697143554688,0.0001965865376405418,-3.4640116691589355,591.4178466796875,0.00016937503824010491,-0.18671178817749023,592.0031127929688,0.00021013017976656556,0.028092145919799805,596.7886352539062,0.0011171071091666818,873.6664428710938,730.7008666992188,0.0038824749644845724
309,-4.905801773071289,561.6519775390625,0.0002531276550143957,-0.9042930603027344,553.7425537109375,0.0001200572369270958,0.5261166095733643,590.6957397460938,0.00022977820481173694,-3.225792407989502,591.1104736328125,0.0003327729646116495,1.3264925479888916,583.3226318359375,0.0003754076606128365,-2.164997100830078,588.0216674804688,0.0001643704599700868,1.4139201641082764,609.4323120117188,0.000194926091353409,0.859351396560669,607.6022338867188,0.0005217344732955098,2.474343776702881,554.7310180664062,0.00016074969607871026,3.6074142456054688,556.2853393554688,0.0003655518521554768,-0.45548057556152344,590.164306640625,0.0001325175107922405,-3.6587114334106445,591.5170288085938,0.00011897706281160936,-0.19198369979858398,591.7518920898438,0.0001317160204052925,0.005333423614501953,596.5448608398438,0.0007470320560969412,873.5159301757812,730.9876098632812,0.0022047017700970173
310,-2.1665244102478027,591.5982666015625,0.00033995433477684855,0.1613621711730957,587.9111938476562,0.0001447617105441168,0.30858945846557617,590.6317749023438,0.0002903883287217468,-2.7800421714782715,591.2068481445312,0.00044945295667275786,1.446427583694458,583.2536010742188,0.0004562419780995697,-1.8054046630859375,587.831298828125,0.0002169311192119494,1.879521369934082,609.3093872070312,0.0002610128140076995,1.1113636493682861,607.3518676757812,0.0007011519628576934,2.3034439086914062,555.0958862304688,0.00013305005268193781,1.962625503540039,583.21435546875,0.00035277492133900523,-0.37047767639160156,590.5147705078125,0.00020089208555873483,-3.447129249572754,591.3151245117188,0.00015608055400662124,0.00286102294921875,592.016357421875,0.00020111478806938976,0.014989137649536133,596.8887329101562,0.0011361262295395136,873.8010864257812,730.9139404296875,0.004006276838481426
311,-2.312441349029541,591.2734375,0.00030536961276084185,-0.054612159729003906,587.624755859375,0.0001587354636285454,0.2898745536804199,590.60205078125,0.0003245744446758181,-2.824409008026123,590.9066162109375,0.00041671274811960757,1.462623119354248,583.2634887695312,0.0005083575379103422,-1.952857494354248,587.98974609375,0.00020465633133426309,1.5317022800445557,609.1831665039062,0.0002179320144932717,0.951202392578125,607.5293579101562,0.0006015399703755975,2.268354892730713,554.8084106445312,0.0001592442422406748,1.8075881004333496,583.243896484375,0.0003964712377637625,-0.20180511474609375,590.0435180664062,0.00019555084872990847,-3.3652052879333496,591.2902221679688,0.0001705304894130677,-0.06412315368652344,591.57275390625,0.0001873574365163222,0.2703735828399658,596.3297729492188,0.0010626129806041718,873.656982421875,730.8186645507812,0.0022358500864356756
312,-2.5693039894104004,591.4235229492188,0.0002587227209005505,-0.2569146156311035,587.5730590820312,0.00012285263801459223,0.2714509963989258,590.7506103515625,0.0002498963731341064,-3.1584043502807617,591.18212890625,0.00033637459273450077,1.3986237049102783,583.2018432617188,0.00040230934973806143,-2.0089311599731445,587.9924926757812,0.00016395750571973622,1.3537275791168213,609.4552612304688,0.00020285190839786083,0.8537232875823975,607.5806274414062,0.0005556104588322341,2.2246780395507812,554.9315795898438,0.00013540750660467893,1.7925097942352295,583.2669677734375,0.0002937489771284163,-0.3756532669067383,590.2528076171875,0.00015053724928293377,-3.6714487075805664,591.6014404296875,0.0001242206199094653,-0.25615453720092773,591.93017578125,0.00014906957221683115,-0.07587718963623047,596.554931640625,0.000809523684438318,873.820556640625,730.73681640625,0.00465380446985364
313,-2.4271039962768555,591.8842163085938,0.0002789956342894584,-0.14287042617797852,587.5675048828125,0.00013244248111732304,0.3922536373138428,591.049072265625,0.00025385318440385163,-3.0617151260375977,591.427978515625,0.0003682485839817673,1.282597541809082,583.2124633789062,0.0004386351793073118,-2.05588960647583,587.8697509765625,0.00017369477427564561,1.3956665992736816,609.3423461914062,0.00021022377768531442,0.9383716583251953,607.5796508789062,0.0005560306017287076,2.174060583114624,554.977294921875,0.00013389359810389578,1.7869131565093994,583.2028198242188,0.0003555447328835726,-0.40002012252807617,590.432861328125,0.00016402866458520293,-3.472550392150879,591.7114868164062,0.00013645361468661577,-0.0633554458618164,592.298095703125,0.00016221895930357277,0.08643579483032227,596.9208984375,0.0008106549503281713,873.6046142578125,730.8200073242188,0.0024536943528801203
314,-4.944657325744629,561.7720336914062,0.00025404541520401835,-0.39151954650878906,587.6142578125,0.0001268803171114996,0.8413925170898438,601.302490234375,0.00028127492987550795,-3.221329689025879,591.3176879882812,0.00041148666059598327,1.6212058067321777,582.9849853515625,0.0004069089191034436,-2.176523208618164,587.8540649414062,0.00018141220789402723,1.2995245456695557,609.747314453125,0.00028946841484867036,1.0082406997680664,607.6014404296875,0.0006207014666870236,2.6441826820373535,554.713623046875,0.00015970529057085514,3.6799652576446533,556.4051513671875,0.00034986110404133797,-0.4041733741760254,590.2872314453125,0.0001427119132131338,-3.547036647796631,591.6900024414062,0.00014148377522360533,-0.2338266372680664,592.1098022460938,0.0001517944474471733,0.32503747940063477,596.5130615234375,0.0011836658231914043,873.8385620117188,730.802001953125,0.001800844445824623
315,-2.433311939239502,591.5982666015625,0.00033568727667443454,0.021385669708251953,587.746826171875,0.00013225885049905628,0.29059720039367676,590.8927612304688,0.000271415599854663,-3.1122889518737793,591.38623046875,0.0004557305946946144,1.371389627456665,583.1666259765625,0.0004603196866810322,-1.9594378471374512,587.9077758789062,0.00019518610497470945,1.6556835174560547,609.3380126953125,0.0002544817980378866,1.0420713424682617,607.6187744140625,0.0006840842543169856,2.210996150970459,555.0518188476562,0.00014098387327976525,2.115478515625,583.1349487304688,0.00035749797825701535,-0.5322837829589844,590.3526611328125,0.0001892312429845333,-3.4431986808776855,591.693359375,0.00015495828120037913,-0.4147000312805176,592.1459350585938,0.00018143848865292966,-0.07727956771850586,596.781494140625,0.0008866172283887863,873.904296875,730.892333984375,0.003109375014901161
316,-2.248042583465576,591.6083374023438,0.0003677965432871133,0.09194326400756836,587.6974487304688,0.0001599990064278245,0.1153099536895752,590.7767333984375,0.0003307370934635401,-2.7808480262756348,591.3043212890625,0.0004869012627750635,1.5686631202697754,582.9362182617188,0.0005317493341863155,-1.7686476707458496,587.7124633789062,0.00022620476374868304,1.88578462600708,609.4523315429688,0.00028911372646689415,1.1728897094726562,607.5365600585938,0.0008569888304919004,2.13478422164917,555.048828125,0.0001555989438202232,2.158935070037842,582.9618530273438,0.0004471730499062687,-0.2595958709716797,590.42236328125,0.00023723390768282115,-3.2546029090881348,591.47607421875,0.00018456637917552143,-0.06324625015258789,592.11962890625,0.00022252326016314328,0.25463008880615234,597.098388671875,0.0012891385704278946,-2.0291080474853516,596.4506225585938,0.001451557269319892
317,-4.798827171325684,561.6005859375,0.0002761608047876507,-0.17241811752319336,587.5767822265625,0.00013527224655263126,0.41692423820495605,590.622314453125,0.00027877467800863087,-3.136280059814453,590.80517578125,0.00034623677493073046,1.1328883171081543,583.3350830078125,0.00043095130240544677,-2.000364303588867,588.0576782226562,0.0001675228268140927,1.0919430255889893,609.0955200195312,0.00018058122077491134,0.8806359767913818,607.3099365234375,0.0004915459430776536,2.3958334922790527,554.9137573242188,0.00016408074588980526,3.7183799743652344,556.3577270507812,0.00031717264209873974,-0.46564292907714844,589.8389282226562,0.00014873816689942032,-3.6087942123413086,591.3490600585938,0.00013790543016511947,-0.17629575729370117,591.3189697265625,0.00014610213111154735,0.18671607971191406,595.980712890625,0.0008836059714667499,873.86181640625,730.9407958984375,0.007031533867120743
318,-2.5102758407592773,591.6465454101562,0.00030011634225957096,-0.8157663345336914,553.7713012695312,0.00013789202785119414,0.14354467391967773,590.8040161132812,0.0002969766210298985,-2.97505521774292,591.2642211914062,0.00042450768523849547,1.486741065979004,583.2505493164062,0.00046921573812142015,-1.831171989440918,587.8373413085938,0.0001930363941937685,1.6055760383605957,609.381103515625,0.0002457867085468024,1.0443298816680908,607.5513916015625,0.0006543042836710811,2.5845746994018555,554.6895751953125,0.00018015575187746435,3.7767043113708496,556.2337036132812,0.0003711168246809393,-0.48217153549194336,590.4022827148438,0.0001846624945756048,-3.4877448081970215,591.7222290039062,0.00016118913481477648,-0.1065831184387207,592.0368041992188,0.0001879366027424112,-0.04046010971069336,596.8186645507812,0.0010668213944882154,873.5672607421875,730.7084350585938,0.001991427969187498
319,-2.4382338523864746,590.9660034179688,0.0003097921726293862,-0.23334550857543945,587.759521484375,0.00015084158803801984,0.13634395599365234,590.2452392578125,0.0003390552301425487,-3.010373115539551,590.6416015625,0.0004322017193771899,1.450455665588379,583.3682861328125,0.0004612170741893351,-1.8795604705810547,588.1322021484375,0.00019704198348335922,1.492889404296875,609.4315185546875,0.00021015961829107255,0.9934346675872803,607.3981323242188,0.0006451427470892668,2.3091297149658203,554.9312133789062,0.00014662060129921883,1.8615047931671143,583.417236328125,0.00030917846015654504,-0.3053417205810547,589.80517578125,0.00020292251429054886,-3.619661331176758,591.1908569335938,0.00016395423153880984,-0.24936199188232422,591.1236572265625,0.0002003495756071061,-0.044866085052490234,595.9933471679688,0.0011233470868319273,874.2800903320312,730.854736328125,0.009590565226972103
320,-4.74738883972168,577.4953002929688,0.00026201887521892786,-0.985191822052002,553.78662109375,0.0001219473997480236,0.1570885181427002,590.7650146484375,0.0002912006457336247,-3.275330066680908,591.0659790039062,0.00042035174556076527,1.303964376449585,583.2398681640625,0.0004321327432990074,-2.0124378204345703,588.080810546875,0.0001724348694551736,0.32132387161254883,593.885498046875,0.00018653160077519715,2.063584804534912,594.3139038085938,0.00037745668669231236,2.406284809112549,554.9152221679688,0.00015742109098937362,3.7265849113464355,556.4195556640625,0.0003171735443174839,-0.6539459228515625,590.0311279296875,0.00018226665270049125,-3.554626941680908,591.6248779296875,0.0001422730420017615,-0.43714380264282227,591.5181884765625,0.00015204302326310426,-0.30583858489990234,596.05419921875,0.000780656875576824,873.6884155273438,730.823486328125,0.005303791258484125
321,-2.265395164489746,591.2094116210938,0.00032291270326822996,0.1820058822631836,587.6888427734375,0.00014665276103187352,0.3951761722564697,590.4827270507812,0.0003431918448768556,-2.9097342491149902,590.8350830078125,0.0004113207687623799,1.257951021194458,583.4378662109375,0.0004829891840927303,-1.9655561447143555,588.0499267578125,0.00019801118469331414,1.7749111652374268,609.194580078125,0.000234980063396506,1.1060740947723389,607.5746459960938,0.0006267500575631857,2.221022605895996,554.7112426757812,0.00015357352094724774,3.569740056991577,556.1595458984375,0.00042800314258784056,-0.29052257537841797,589.9071044921875,0.00019775854889303446,-3.347865581512451,591.2811279296875,0.00017944085993804038,0.03774738311767578,591.3895874023438,0.00018995543359778821,0.1774907112121582,596.3142700195312,0.0009983106283470988,873.478271484375,730.9285888671875,0.0031511110719293356
322,-2.4065494537353516,591.5694580078125,0.0003817348915617913,-0.8896346092224121,553.6714477539062,0.00013487735122907907,0.014094114303588867,590.6201782226562,0.000341991224559024,-2.791171073913574,591.0477905273438,0.0005043011042289436,1.4863309860229492,583.2839965820312,0.0004828633100260049,-1.7004666328430176,587.94921875,0.0002036889927694574,1.8004939556121826,609.294677734375,0.00024312226742040366,1.0075805187225342,607.3756103515625,0.0006467944476753473,2.349611282348633,554.6998291015625,0.00014918488159310073,3.644700050354004,556.2245483398438,0.0003891905362252146,-0.4616971015930176,590.22998046875,0.00020340524497441947,-3.6399664878845215,591.4496459960938,0.000161991105414927,-0.2042388916015625,592.09814453125,0.00021809976897202432,-0.31005859375,596.8237915039062,0.0010539774084463716,874.0972900390625,730.9426879882812,0.006096336990594864
323,-2.5285372734069824,591.3238525390625,0.0003681285597849637,-0.13924121856689453,587.6517333984375,0.00015378878742922097,0.12468886375427246,590.7845458984375,0.00032372490386478603,-2.9290690422058105,591.2784423828125,0.0005249602836556733,1.7219488620758057,582.9794311523438,0.0005174559191800654,-1.9044146537780762,587.7075805664062,0.00022352863743435591,1.6789560317993164,609.5223999023438,0.0002567957853898406,1.0246479511260986,607.4356689453125,0.0006918282597325742,2.534278631210327,554.7921142578125,0.00014621349691879004,2.0758166313171387,583.146728515625,0.00038778691668994725,-0.3334469795227051,590.332763671875,0.00020403596863616258,-3.5265326499938965,591.5889892578125,0.00017783870862331241,-0.2367382049560547,592.12890625,0.00020921416580677032,0.1304938793182373,596.7990112304688,0.0014193638926371932,873.9540405273438,730.6233520507812,0.0013674917863681912
324,-4.847715377807617,561.6367797851562,0.00024379146634601057,-0.21137094497680664,587.62451171875,0.00012487215280998498,0.5490453243255615,590.8172607421875,0.0002460671530570835,-3.3436484336853027,591.2363891601562,0.00036066773463971913,1.1766526699066162,583.0736083984375,0.000382791185984388,-2.3586649894714355,588.0679321289062,0.0001543910475447774,1.2350952625274658,609.5589599609375,0.00025901224580593407,0.9768941402435303,607.3804931640625,0.0006220740033313632,2.4115781784057617,554.7841796875,0.00014757466851733625,3.444122076034546,556.2440795898438,0.00033258681651204824,-0.5898275375366211,590.2589721679688,0.0001309677172685042,-3.700089931488037,591.6061401367188,0.00012500950833782554,-0.3804655075073242,591.9920654296875,0.00013848075468558818,0.299959659576416,596.5106811523438,0.0009566288208588958,874.0191040039062,730.6329956054688,0.0029961359687149525
325,-2.0803475379943848,591.52001953125,0.00039361105882562697,0.026999473571777344,587.8046264648438,0.00015753657498862594,0.13511419296264648,590.5933837890625,0.0003665362310130149,-2.721163272857666,591.05419921875,0.0004683702427428216,1.2923839092254639,583.2610473632812,0.0005659940652549267,-1.7405848503112793,587.9834594726562,0.00020892750762868673,1.8910634517669678,609.3226928710938,0.0002959999837912619,1.2859950065612793,607.4979248046875,0.0007404594216495752,2.330228805541992,554.9902954101562,0.00014898671361152083,2.017122268676758,583.0249633789062,0.00041395684820599854,-0.3287925720214844,590.1670532226562,0.00022703644935972989,-3.357339859008789,591.4527587890625,0.000189612343092449,-0.12754344940185547,591.8212280273438,0.00022748344053979963,0.06477904319763184,596.8051147460938,0.0011419316288083792,874.0519409179688,730.8770751953125,0.005099324509501457
326,-2.3954854011535645,591.4921264648438,0.00033821663237176836,0.12188029289245605,587.8284912109375,0.00013573080650530756,0.7146527767181396,601.2553100585938,0.0003432489465922117,-3.239560604095459,591.3843994140625,0.00046685984125360847,1.2625062465667725,583.0183715820312,0.00045984299504198134,-2.0363340377807617,587.8722534179688,0.00019554601749405265,1.4641706943511963,609.6552734375,0.0003522320475894958,1.1754429340362549,607.6328735351562,0.0007411569240503013,2.330958843231201,554.826904296875,0.0001562109828228131,1.8329594135284424,583.1160888671875,0.00037831516237929463,-0.5469851493835449,590.4300537109375,0.0001797784207155928,-3.327692985534668,591.682861328125,0.00016146602865774184,-0.12479019165039062,592.3167114257812,0.000192664418136701,0.2810380458831787,596.98388671875,0.0012045215116813779,873.6455078125,731.0054931640625,0.002117572817951441
